Collection Time,Status,CPU (%),Memory (%),Disk Used (%),Reason
May 10 2022 11:59:32 PM PDT,Up,6.25,73.53,73.59,-
May 10 2022 11:58:32 PM PDT,Up,6.88,73.51,73.59,-
May 10 2022 11:57:32 PM PDT,Up,6.63,73.47,73.59,-
May 10 2022 11:56:32 PM PDT,Up,7.13,73.44,73.59,-
May 10 2022 11:55:32 PM PDT,Up,6.38,73.39,73.59,-
May 10 2022 11:54:32 PM PDT,Up,6.63,73.32,73.59,-
May 10 2022 11:53:32 PM PDT,Up,7,73.33,73.58,-
May 10 2022 11:52:32 PM PDT,Up,6.75,73.33,73.58,-
May 10 2022 11:51:32 PM PDT,Up,7.13,73.31,73.58,-
May 10 2022 11:50:32 PM PDT,Up,6.63,73.28,73.58,-
May 10 2022 11:49:32 PM PDT,Up,6.5,73.27,73.58,-
May 10 2022 11:48:32 PM PDT,Up,7.25,73.26,73.58,-
May 10 2022 11:47:32 PM PDT,Up,6.63,73.15,73.58,-
May 10 2022 11:46:32 PM PDT,Up,7,73.22,73.57,-
May 10 2022 11:45:32 PM PDT,Up,6.63,73.23,73.57,-
May 10 2022 11:44:34 PM PDT,Up,6.88,73.16,73.57,-
May 10 2022 11:43:32 PM PDT,Up,7.75,73.12,73.57,-
May 10 2022 11:42:32 PM PDT,Up,7.38,73.06,73.57,-
May 10 2022 11:41:32 PM PDT,Up,7.88,72.92,73.57,-
May 10 2022 11:40:32 PM PDT,Up,7.38,72.9,73.58,-
May 10 2022 11:39:32 PM PDT,Up,6.38,72.89,73.57,-
May 10 2022 11:38:32 PM PDT,Up,7,72.89,73.57,-
May 10 2022 11:37:32 PM PDT,Up,6.75,72.85,73.57,-
May 10 2022 11:36:32 PM PDT,Up,7,73.01,73.57,-
May 10 2022 11:35:32 PM PDT,Up,6.75,72.76,73.57,-
May 10 2022 11:34:32 PM PDT,Up,6.75,72.74,73.57,-
May 10 2022 11:33:32 PM PDT,Up,8.5,72.8,73.57,-
May 10 2022 11:32:32 PM PDT,Up,8.75,72.77,73.56,-
May 10 2022 11:31:32 PM PDT,Up,7,72.57,73.56,-
May 10 2022 11:30:32 PM PDT,Up,6.63,72.58,73.56,-
May 10 2022 11:29:32 PM PDT,Up,6.75,72.41,73.56,-
May 10 2022 11:28:32 PM PDT,Up,7.25,72.39,73.56,-
May 10 2022 11:27:34 PM PDT,Up,6.13,72.28,73.56,-
May 10 2022 11:26:32 PM PDT,Up,7.13,72.22,73.56,-
May 10 2022 11:25:32 PM PDT,Up,6.25,72.25,73.56,-
May 10 2022 11:24:32 PM PDT,Up,6.63,72.24,73.56,-
May 10 2022 11:23:32 PM PDT,Up,7,72.23,73.55,-
May 10 2022 11:22:32 PM PDT,Up,7.25,72.28,73.55,-
May 10 2022 11:21:32 PM PDT,Up,7.38,72.12,73.55,-
May 10 2022 11:20:32 PM PDT,Up,6.5,72.2,73.55,-
May 10 2022 11:19:32 PM PDT,Up,6.38,72.08,73.55,-
May 10 2022 11:18:32 PM PDT,Up,7.25,72.08,73.56,-
May 10 2022 11:17:32 PM PDT,Up,6.75,72.07,73.56,-
May 10 2022 11:16:32 PM PDT,Up,8,72.05,73.55,-
May 10 2022 11:15:32 PM PDT,Up,6.75,71.84,73.55,-
May 10 2022 11:14:32 PM PDT,Up,6.63,71.81,73.55,-
May 10 2022 11:13:32 PM PDT,Up,6.88,71.89,73.55,-
May 10 2022 11:12:32 PM PDT,Up,12.63,71.89,73.55,-
May 10 2022 11:11:32 PM PDT,Up,7.63,71.85,73.53,-
May 10 2022 11:10:32 PM PDT,Up,6.88,71.68,73.53,-
May 10 2022 11:09:32 PM PDT,Up,7,71.57,73.53,-
May 10 2022 11:08:32 PM PDT,Up,7.75,71.43,73.53,-
May 10 2022 11:07:32 PM PDT,Up,7.25,71.49,73.52,-
May 10 2022 11:06:32 PM PDT,Up,7.13,71.51,73.52,-
May 10 2022 11:05:32 PM PDT,Up,6.75,71.41,73.52,-
May 10 2022 11:04:32 PM PDT,Up,6.5,71.38,73.52,-
May 10 2022 11:03:32 PM PDT,Up,7.25,71.35,73.52,-
May 10 2022 11:02:32 PM PDT,Up,7,71.33,73.52,-
May 10 2022 11:01:32 PM PDT,Up,7.38,71.41,73.52,-
May 10 2022 11:00:32 PM PDT,Up,7.38,71.41,73.51,-
May 10 2022 10:59:32 PM PDT,Up,7.38,71.27,73.52,-
May 10 2022 10:58:32 PM PDT,Up,8,71.37,73.52,-
May 10 2022 10:57:32 PM PDT,Up,7.13,71.21,73.52,-
May 10 2022 10:56:32 PM PDT,Up,7.88,71.25,73.52,-
May 10 2022 10:55:34 PM PDT,Up,8.88,71.14,73.52,-
May 10 2022 10:54:32 PM PDT,Up,6.75,71.04,73.52,-
May 10 2022 10:53:32 PM PDT,Up,8.25,71.05,73.51,-
May 10 2022 10:52:32 PM PDT,Up,7,71.04,73.51,-
May 10 2022 10:51:32 PM PDT,Up,8,71.05,73.51,-
May 10 2022 10:50:32 PM PDT,Up,7.25,71.04,73.51,-
May 10 2022 10:49:32 PM PDT,Up,7.75,70.98,73.51,-
May 10 2022 10:48:32 PM PDT,Up,7.5,70.97,73.51,-
May 10 2022 10:47:32 PM PDT,Up,7.13,70.94,73.51,-
May 10 2022 10:46:32 PM PDT,Up,8,70.93,73.51,-
May 10 2022 10:45:32 PM PDT,Up,8,70.76,73.5,-
May 10 2022 10:44:32 PM PDT,Up,7.5,70.88,73.5,-
May 10 2022 10:43:32 PM PDT,Up,10,70.5,73.5,-
May 10 2022 10:42:32 PM PDT,Up,7.25,83.52,73.5,-
May 10 2022 10:41:32 PM PDT,Up,6.88,83.67,73.5,-
May 10 2022 10:40:32 PM PDT,Up,7.63,83.75,73.5,-
May 10 2022 10:39:34 PM PDT,Up,7.88,83.58,73.5,-
May 10 2022 10:38:32 PM PDT,Up,9.25,83.5,73.51,-
May 10 2022 10:37:32 PM PDT,Up,7.5,83.55,73.51,-
May 10 2022 10:36:32 PM PDT,Up,8.25,83.51,73.5,-
May 10 2022 10:35:32 PM PDT,Up,7.88,83.34,73.5,-
May 10 2022 10:34:32 PM PDT,Up,7.25,83.26,73.5,-
May 10 2022 10:33:32 PM PDT,Up,13.88,83.3,73.5,-
May 10 2022 10:32:32 PM PDT,Up,10.5,83.28,73.5,-
May 10 2022 10:31:32 PM PDT,Up,11.88,83.05,73.5,-
May 10 2022 10:30:32 PM PDT,Up,9.25,83.21,73.5,-
May 10 2022 10:29:32 PM PDT,Up,8,82.93,73.49,-
May 10 2022 10:28:32 PM PDT,Up,8.75,82.9,73.49,-
May 10 2022 10:27:32 PM PDT,Up,6.88,82.92,73.49,-
May 10 2022 10:26:32 PM PDT,Up,9.38,82.9,73.49,-
May 10 2022 10:25:32 PM PDT,Up,7.88,82.41,73.49,-
May 10 2022 10:24:32 PM PDT,Up,8,82.37,73.49,-
May 10 2022 10:23:35 PM PDT,Up,8.63,82.36,73.49,-
May 10 2022 10:22:32 PM PDT,Up,9.5,82.34,73.48,-
May 10 2022 10:21:33 PM PDT,Up,13.13,82.24,73.48,-
May 10 2022 10:20:32 PM PDT,Up,8,82.38,73.48,-
May 10 2022 10:19:32 PM PDT,Up,8.63,82.17,73.48,-
May 10 2022 10:18:32 PM PDT,Up,11.88,82.36,73.49,-
May 10 2022 10:17:32 PM PDT,Up,9.38,82.29,73.49,-
May 10 2022 10:16:32 PM PDT,Up,9.75,82.24,73.49,-
May 10 2022 10:15:32 PM PDT,Up,10.63,82.51,73.48,-
May 10 2022 10:14:32 PM PDT,Up,7.88,82.5,73.48,-
May 10 2022 10:13:32 PM PDT,Up,8.88,82.53,73.48,-
May 10 2022 10:12:32 PM PDT,Up,10,82.56,73.48,-
May 10 2022 10:11:32 PM PDT,Up,10,82.01,73.48,-
May 10 2022 10:10:32 PM PDT,Up,10.63,81.92,73.48,-
May 10 2022 10:09:32 PM PDT,Up,7.75,81.99,73.48,-
May 10 2022 10:08:32 PM PDT,Up,8.5,82.14,73.47,-
May 10 2022 10:07:32 PM PDT,Up,10.75,82.01,73.47,-
May 10 2022 10:06:34 PM PDT,Up,12.25,81.83,73.47,-
May 10 2022 10:05:32 PM PDT,Up,9.25,81.87,73.47,-
May 10 2022 10:04:32 PM PDT,Up,11.13,81.81,73.47,-
May 10 2022 10:03:33 PM PDT,Up,9.75,81.93,73.47,-
May 10 2022 10:02:32 PM PDT,Up,10.25,81.2,73.47,-
May 10 2022 10:01:32 PM PDT,Up,10.38,81.57,73.46,-
May 10 2022 10:00:32 PM PDT,Up,9.13,81.54,73.46,-
May 10 2022 9:59:32 PM PDT,Up,11.88,81.81,73.47,-
May 10 2022 9:58:33 PM PDT,Up,10.75,81.74,73.47,-
May 10 2022 9:57:32 PM PDT,Up,11.38,81.8,73.47,-
May 10 2022 9:56:32 PM PDT,Up,11.25,81.6,73.47,-
May 10 2022 9:55:32 PM PDT,Up,10.38,81.54,73.47,-
May 10 2022 9:54:32 PM PDT,Up,11,81.63,73.47,-
May 10 2022 9:53:32 PM PDT,Up,11.63,81.52,73.46,-
May 10 2022 9:52:32 PM PDT,Up,9.38,81.39,73.46,-
May 10 2022 9:51:32 PM PDT,Up,10.5,81.42,73.46,-
May 10 2022 9:50:34 PM PDT,Up,11,80.91,73.46,-
May 10 2022 9:49:32 PM PDT,Up,11.63,80.46,73.46,-
May 10 2022 9:48:32 PM PDT,Up,11.38,80.38,73.46,-
May 10 2022 9:47:32 PM PDT,Up,11.25,80.36,73.46,-
May 10 2022 9:46:32 PM PDT,Up,14.5,80.28,73.46,-
May 10 2022 9:45:32 PM PDT,Up,13,80.25,73.45,-
May 10 2022 9:44:32 PM PDT,Up,11,80.19,73.45,-
May 10 2022 9:43:32 PM PDT,Up,11.75,79.89,73.45,-
May 10 2022 9:42:32 PM PDT,Up,12,79.94,73.45,-
May 10 2022 9:41:32 PM PDT,Up,14.5,79.71,73.45,-
May 10 2022 9:40:32 PM PDT,Up,15.75,79.41,73.45,-
May 10 2022 9:39:32 PM PDT,Up,13.13,79.29,73.45,-
May 10 2022 9:38:32 PM PDT,Up,15.38,79.12,73.44,-
May 10 2022 9:37:32 PM PDT,Up,13,79.09,73.45,-
May 10 2022 9:36:32 PM PDT,Up,12.38,79.26,73.45,-
May 10 2022 9:35:32 PM PDT,Up,15.13,79.25,73.45,-
May 10 2022 9:34:32 PM PDT,Up,15.25,79.13,73.45,-
May 10 2022 9:33:33 PM PDT,Up,16.13,79.07,73.45,-
May 10 2022 9:32:32 PM PDT,Up,13.38,79.08,73.45,-
May 10 2022 9:31:32 PM PDT,Up,13,78.79,73.44,-
May 10 2022 9:30:32 PM PDT,Up,15.5,78.38,73.44,-
May 10 2022 9:29:32 PM PDT,Up,13.88,78.28,73.44,-
May 10 2022 9:28:32 PM PDT,Up,14.38,78.2,73.44,-
May 10 2022 9:27:32 PM PDT,Up,13.5,78.27,73.44,-
May 10 2022 9:26:32 PM PDT,Up,13.63,77.43,73.44,-
May 10 2022 9:25:32 PM PDT,Up,13.13,77.68,73.44,-
May 10 2022 9:24:32 PM PDT,Up,14.75,77.59,73.44,-
May 10 2022 9:23:32 PM PDT,Up,17.13,76.96,73.43,-
May 10 2022 9:22:32 PM PDT,Up,19.13,77.09,73.43,-
May 10 2022 9:21:32 PM PDT,Up,17.38,77,73.43,-
May 10 2022 9:20:32 PM PDT,Up,19.63,76.84,73.43,-
May 10 2022 9:19:32 PM PDT,Up,21.63,77.07,73.43,-
May 10 2022 9:18:34 PM PDT,Up,16.25,76.7,73.43,-
May 10 2022 9:17:32 PM PDT,Up,19.13,76.54,73.44,-
May 10 2022 9:16:32 PM PDT,Up,19.63,76.96,73.43,-
May 10 2022 9:15:32 PM PDT,Up,20.38,76.67,73.43,-
May 10 2022 9:14:32 PM PDT,Up,18,76.37,73.43,-
May 10 2022 9:13:33 PM PDT,Up,18.38,76.36,73.43,-
May 10 2022 9:12:32 PM PDT,Up,15.88,76.39,73.43,-
May 10 2022 9:11:32 PM PDT,Up,17.13,76.28,73.43,-
May 10 2022 9:10:32 PM PDT,Up,17.63,76.31,73.43,-
May 10 2022 9:09:32 PM PDT,Up,23.5,75.87,73.43,-
May 10 2022 9:08:33 PM PDT,Up,25.38,75.58,73.43,-
May 10 2022 9:07:33 PM PDT,Up,16.38,75.57,73.42,-
May 10 2022 9:06:32 PM PDT,Up,21.63,75.67,73.42,-
May 10 2022 9:05:32 PM PDT,Up,20.5,75.67,73.42,-
May 10 2022 9:04:33 PM PDT,Up,19.88,74.95,73.42,-
May 10 2022 9:03:33 PM PDT,Up,22.5,75.03,73.42,-
May 10 2022 9:02:35 PM PDT,Up,19.38,74.85,73.42,-
May 10 2022 9:01:32 PM PDT,Up,21.13,74.74,73.42,-
May 10 2022 9:00:33 PM PDT,Up,14.63,74.5,73.41,-
May 10 2022 8:59:33 PM PDT,Up,17.88,74.47,73.41,-
May 10 2022 8:58:32 PM PDT,Up,21.13,74.89,73.41,-
May 10 2022 8:57:32 PM PDT,Up,20.88,74.62,73.41,-
May 10 2022 8:56:33 PM PDT,Up,20.5,74.2,73.41,-
May 10 2022 8:55:33 PM PDT,Up,22.25,74.26,73.41,-
May 10 2022 8:54:32 PM PDT,Up,19.25,74.39,73.41,-
May 10 2022 8:53:32 PM PDT,Up,20.88,74.12,73.41,-
May 10 2022 8:52:33 PM PDT,Up,20,74.09,73.41,-
May 10 2022 8:51:33 PM PDT,Up,21.38,73.36,73.41,-
May 10 2022 8:50:32 PM PDT,Up,22.5,73.58,73.41,-
May 10 2022 8:49:32 PM PDT,Up,18.63,73.86,73.41,-
May 10 2022 8:48:33 PM PDT,Up,23,73.94,73.4,-
May 10 2022 8:47:33 PM PDT,Up,20.5,73.75,73.4,-
May 10 2022 8:46:36 PM PDT,Up,28.25,72.86,73.4,-
May 10 2022 8:45:32 PM PDT,Up,24.88,72,73.4,-
May 10 2022 8:44:34 PM PDT,Up,27,71.92,73.4,-
May 10 2022 8:43:33 PM PDT,Up,24.88,82.65,73.4,-
May 10 2022 8:42:33 PM PDT,Up,26,80.67,73.39,-
May 10 2022 8:41:33 PM PDT,Up,25.63,79.06,73.39,-
May 10 2022 8:40:33 PM PDT,Up,23.5,78.67,73.39,-
May 10 2022 8:39:33 PM PDT,Up,24.13,76.2,73.39,-
May 10 2022 8:38:34 PM PDT,Up,29.25,74.92,73.4,-
May 10 2022 8:37:34 PM PDT,Up,27.5,74.38,73.39,-
May 10 2022 8:36:34 PM PDT,Up,27.13,74.56,73.39,-
May 10 2022 8:35:33 PM PDT,Up,30.25,73.76,73.39,-
May 10 2022 8:34:34 PM PDT,Up,25,82.48,73.39,-
May 10 2022 8:33:33 PM PDT,Up,32.5,80.59,73.39,-
May 10 2022 8:32:33 PM PDT,Up,30.63,77.97,73.39,-
May 10 2022 8:31:33 PM PDT,Up,28.75,75.98,73.38,-
May 10 2022 8:30:34 PM PDT,Up,30.13,74.59,73.38,-
May 10 2022 8:29:35 PM PDT,Up,30.88,73.81,73.38,-
May 10 2022 8:28:34 PM PDT,Up,33.75,83.19,73.38,-
May 10 2022 8:27:33 PM PDT,Up,24.5,81.9,73.38,-
May 10 2022 8:26:33 PM PDT,Up,28.25,79.62,73.38,-
May 10 2022 8:25:33 PM PDT,Up,31.13,76.63,73.37,-
May 10 2022 8:24:33 PM PDT,Up,27.25,74.42,73.37,-
May 10 2022 8:23:33 PM PDT,Up,33.63,73.41,73.37,-
May 10 2022 8:22:34 PM PDT,Up,31.13,83.64,73.37,-
May 10 2022 8:21:33 PM PDT,Up,28.5,81.35,73.36,-
May 10 2022 8:20:33 PM PDT,Up,33.25,78.68,73.36,-
May 10 2022 8:19:33 PM PDT,Up,36,75.63,73.37,-
May 10 2022 8:18:33 PM PDT,Up,31.5,74.26,73.37,-
May 10 2022 8:17:33 PM PDT,Up,31.13,82.78,73.37,-
May 10 2022 8:16:32 PM PDT,Up,34.63,80.09,73.36,-
May 10 2022 8:15:33 PM PDT,Up,29.25,76.19,73.36,-
May 10 2022 8:14:32 PM PDT,Up,29.13,73.32,73.36,-
May 10 2022 8:13:34 PM PDT,Up,35.38,71.98,73.36,-
May 10 2022 8:12:33 PM PDT,Up,31.38,82.75,73.35,-
May 10 2022 8:11:34 PM PDT,Up,32,78.84,73.35,-
May 10 2022 8:10:33 PM PDT,Up,26.63,75.51,73.35,-
May 10 2022 8:09:34 PM PDT,Up,25.5,74.27,73.35,-
May 10 2022 8:08:33 PM PDT,Up,32.5,71.49,73.35,-
May 10 2022 8:07:33 PM PDT,Up,30.5,80.36,73.34,-
May 10 2022 8:06:33 PM PDT,Up,30.88,77.86,73.34,-
May 10 2022 8:05:34 PM PDT,Up,32.63,76.13,73.34,-
May 10 2022 8:04:34 PM PDT,Up,35.75,72.74,73.34,-
May 10 2022 8:03:33 PM PDT,Up,32.63,82.79,73.33,-
May 10 2022 8:02:34 PM PDT,Up,28.13,78.74,73.34,-
May 10 2022 8:01:33 PM PDT,Up,36.75,77,73.34,-
May 10 2022 8:00:33 PM PDT,Up,32.75,74.2,73.34,-
May 10 2022 7:59:33 PM PDT,Up,33.88,72.53,73.33,-
May 10 2022 7:58:34 PM PDT,Up,33,81.37,73.33,-
May 10 2022 7:57:36 PM PDT,Up,31.13,78.68,73.33,-
May 10 2022 7:56:34 PM PDT,Up,31.13,76.81,73.33,-
May 10 2022 7:55:33 PM PDT,Up,32.25,74.36,73.32,-
May 10 2022 7:54:33 PM PDT,Up,34.13,71.12,73.32,-
May 10 2022 7:53:33 PM PDT,Up,36.25,81.99,73.32,-
May 10 2022 7:52:33 PM PDT,Up,31.88,78.19,73.32,-
May 10 2022 7:51:33 PM PDT,Up,30.5,74.59,73.31,-
May 10 2022 7:50:33 PM PDT,Up,32.25,73.72,73.31,-
May 10 2022 7:49:33 PM PDT,Up,33.13,81.5,73.31,-
May 10 2022 7:48:35 PM PDT,Up,35.38,76.79,73.31,-
May 10 2022 7:47:34 PM PDT,Up,34.25,73.47,73.3,-
May 10 2022 7:46:34 PM PDT,Up,41.25,71.32,73.31,-
May 10 2022 7:45:33 PM PDT,Up,33.38,80.47,73.31,-
May 10 2022 7:44:34 PM PDT,Up,32.63,76.16,73.31,-
May 10 2022 7:43:34 PM PDT,Up,31.88,73.35,73.31,-
May 10 2022 7:42:34 PM PDT,Up,32.75,82.12,73.3,-
May 10 2022 7:41:36 PM PDT,Up,35.75,78,73.3,-
May 10 2022 7:40:33 PM PDT,Up,34.88,74.72,73.3,-
May 10 2022 7:39:33 PM PDT,Up,30,72.42,73.29,-
May 10 2022 7:38:33 PM PDT,Up,33.75,81.17,73.29,-
May 10 2022 7:37:33 PM PDT,Up,34.5,79.48,73.29,-
May 10 2022 7:36:34 PM PDT,Up,34.13,75.81,73.29,-
May 10 2022 7:35:33 PM PDT,Up,36.25,74.2,73.29,-
May 10 2022 7:34:34 PM PDT,Up,32,83.52,73.28,-
May 10 2022 7:33:33 PM PDT,Up,45,77.01,73.28,-
May 10 2022 7:32:34 PM PDT,Up,38.88,72.93,73.28,-
May 10 2022 7:31:34 PM PDT,Up,37.88,78.01,73.27,-
May 10 2022 7:30:34 PM PDT,Up,39,75.69,73.27,-
May 10 2022 7:29:33 PM PDT,Up,36.75,83.03,73.28,-
May 10 2022 7:28:33 PM PDT,Up,37.63,80.02,73.27,-
May 10 2022 7:27:33 PM PDT,Up,35.75,75.78,73.27,-
May 10 2022 7:26:33 PM PDT,Up,43.75,73.65,73.27,-
May 10 2022 7:25:37 PM PDT,Up,38.25,82.42,73.27,-
May 10 2022 7:24:33 PM PDT,Up,36.5,77.87,73.26,-
May 10 2022 7:23:33 PM PDT,Up,41.5,74.39,73.26,-
May 10 2022 7:22:34 PM PDT,Up,40.5,81.76,73.26,-
May 10 2022 7:21:34 PM PDT,Up,34.38,75.49,73.25,-
May 10 2022 7:20:35 PM PDT,Up,40,73.96,73.25,-
May 10 2022 7:19:33 PM PDT,Up,38.63,80.51,73.25,-
May 10 2022 7:18:34 PM PDT,Up,46.88,74.17,73.25,-
May 10 2022 7:17:34 PM PDT,Up,41.38,79.29,73.24,-
May 10 2022 7:16:33 PM PDT,Up,48.75,74.45,73.24,-
May 10 2022 7:15:35 PM PDT,Up,35.63,81.33,73.24,-
May 10 2022 7:14:34 PM PDT,Up,37.38,76.07,73.24,-
May 10 2022 7:13:34 PM PDT,Up,44.25,72.53,73.24,-
May 10 2022 7:12:33 PM PDT,Up,37.63,78.9,73.23,-
May 10 2022 7:11:34 PM PDT,Up,41,75.09,73.23,-
May 10 2022 7:10:34 PM PDT,Up,35.5,72.07,73.23,-
May 10 2022 7:09:33 PM PDT,Up,34.25,78.19,73.23,-
May 10 2022 7:08:35 PM PDT,Up,37.75,75.22,73.22,-
May 10 2022 7:07:34 PM PDT,Up,39.5,73.33,73.22,-
May 10 2022 7:06:34 PM PDT,Up,34.38,81.71,73.22,-
May 10 2022 7:05:34 PM PDT,Up,43,79.19,73.21,-
May 10 2022 7:04:35 PM PDT,Up,38.38,74.43,73.21,-
May 10 2022 7:03:33 PM PDT,Up,45.88,77.84,73.21,-
May 10 2022 7:02:34 PM PDT,Up,43.88,71.99,73.21,-
May 10 2022 7:01:34 PM PDT,Up,42,75.77,73.2,-
May 10 2022 7:00:34 PM PDT,Up,37.38,72.62,73.21,-
May 10 2022 6:59:33 PM PDT,Up,40.75,80.09,73.21,-
May 10 2022 6:58:33 PM PDT,Up,41.88,74.82,73.2,-
May 10 2022 6:57:34 PM PDT,Up,38.38,72.42,73.2,-
May 10 2022 6:56:34 PM PDT,Up,40.13,77.12,73.2,-
May 10 2022 6:55:34 PM PDT,Up,40.75,73.9,73.2,-
May 10 2022 6:54:35 PM PDT,Up,38,81.54,73.19,-
May 10 2022 6:53:34 PM PDT,Up,37.25,76.46,73.19,-
May 10 2022 6:52:34 PM PDT,Up,43.25,72.72,73.19,-
May 10 2022 6:51:34 PM PDT,Up,41,83.01,73.18,-
May 10 2022 6:50:34 PM PDT,Up,42,77.83,73.18,-
May 10 2022 6:49:33 PM PDT,Up,44,75.84,73.18,-
May 10 2022 6:48:34 PM PDT,Up,39,76.64,73.17,-
May 10 2022 6:47:33 PM PDT,Up,40.5,73.12,73.17,-
May 10 2022 6:46:34 PM PDT,Up,48.88,77.13,73.17,-
May 10 2022 6:45:35 PM PDT,Up,47.25,73.18,73.17,-
May 10 2022 6:44:35 PM PDT,Up,38.25,82.18,73.17,-
May 10 2022 6:43:34 PM PDT,Up,33.25,76.69,73.17,-
May 10 2022 6:42:34 PM PDT,Up,39.38,73.38,73.17,-
May 10 2022 6:41:34 PM PDT,Up,38,82.67,73.16,-
May 10 2022 6:40:34 PM PDT,Up,47.88,75.41,73.16,-
May 10 2022 6:39:34 PM PDT,Up,45.88,72.3,73.16,-
May 10 2022 6:38:36 PM PDT,Up,40.25,80.73,73.15,-
May 10 2022 6:37:33 PM PDT,Up,41.25,75.51,73.15,-
May 10 2022 6:36:36 PM PDT,Up,48.5,83.08,73.14,-
May 10 2022 6:35:34 PM PDT,Up,45.63,75.82,73.14,-
May 10 2022 6:34:34 PM PDT,Up,43.75,82.45,73.14,-
May 10 2022 6:33:34 PM PDT,Up,51.38,77.46,73.13,-
May 10 2022 6:32:35 PM PDT,Up,47.88,76.72,73.13,-
May 10 2022 6:31:34 PM PDT,Up,49.5,78.45,73.13,-
May 10 2022 6:30:35 PM PDT,Up,43.13,74.11,73.13,-
May 10 2022 6:29:33 PM PDT,Up,41.63,80.62,73.13,-
May 10 2022 6:28:35 PM PDT,Up,45.13,76,73.13,-
May 10 2022 6:27:34 PM PDT,Up,44.38,72.01,73.12,-
May 10 2022 6:26:33 PM PDT,Up,46.25,81.57,73.12,-
May 10 2022 6:25:35 PM PDT,Up,44.75,77.86,73.12,-
May 10 2022 6:24:34 PM PDT,Up,40.75,73.95,73.11,-
May 10 2022 6:23:33 PM PDT,Up,38.63,78.22,73.11,-
May 10 2022 6:22:34 PM PDT,Up,41.25,73.95,73.11,-
May 10 2022 6:21:33 PM PDT,Up,43.75,80.63,73.1,-
May 10 2022 6:20:37 PM PDT,Up,43.13,75.22,73.1,-
May 10 2022 6:19:34 PM PDT,Up,49.38,78.31,73.1,-
May 10 2022 6:18:34 PM PDT,Up,46.75,83.74,73.1,-
May 10 2022 6:17:35 PM PDT,Up,52,76.93,73.09,-
May 10 2022 6:16:35 PM PDT,Up,58.25,76.78,73.09,-
May 10 2022 6:15:37 PM PDT,Up,45,72.94,73.1,-
May 10 2022 6:14:34 PM PDT,Up,42.38,79.61,73.09,-
May 10 2022 6:13:35 PM PDT,Up,50.88,74.29,73.09,-
May 10 2022 6:12:34 PM PDT,Up,50.75,80.61,73.09,-
May 10 2022 6:11:34 PM PDT,Up,49,75.48,73.09,-
May 10 2022 6:10:38 PM PDT,Up,37.25,80.2,73.08,-
May 10 2022 6:09:34 PM PDT,Up,46.88,75.87,73.08,-
May 10 2022 6:08:35 PM PDT,Up,40,72.87,73.08,-
May 10 2022 6:07:33 PM PDT,Up,41.5,78.2,73.07,-
May 10 2022 6:06:34 PM PDT,Up,43.5,73.32,73.07,-
May 10 2022 6:05:35 PM PDT,Up,46.13,78.55,73.07,-
May 10 2022 6:04:34 PM PDT,Up,51.88,82.44,73.06,-
May 10 2022 6:03:38 PM PDT,Up,46.38,84.29,73.06,-
May 10 2022 6:02:33 PM PDT,Up,50,76.61,73.06,-
May 10 2022 6:01:35 PM PDT,Up,56.63,75.28,73.06,-
May 10 2022 6:00:37 PM PDT,Up,52.88,81.16,73.06,-
May 10 2022 5:59:34 PM PDT,Up,50.38,73.54,73.05,-
May 10 2022 5:58:34 PM PDT,Up,50.13,77.82,73.05,-
May 10 2022 5:57:35 PM PDT,Up,41.88,74.73,73.05,-
May 10 2022 5:56:35 PM PDT,Up,36.5,81.05,73.04,-
May 10 2022 5:55:35 PM PDT,Up,40,77.5,73.04,-
May 10 2022 5:54:34 PM PDT,Up,43.88,74.39,73.04,-
May 10 2022 5:53:34 PM PDT,Up,41.88,79.32,73.03,-
May 10 2022 5:52:34 PM PDT,Up,43.88,75.23,73.03,-
May 10 2022 5:51:34 PM PDT,Up,42.75,78.16,73.03,-
May 10 2022 5:50:35 PM PDT,Up,45.25,74.83,73.02,-
May 10 2022 5:49:33 PM PDT,Up,46,77.92,73.02,-
May 10 2022 5:48:35 PM PDT,Up,48.38,79.21,73.03,-
May 10 2022 5:47:36 PM PDT,Up,45.38,82.66,73.02,-
May 10 2022 5:46:34 PM PDT,Up,55.25,74.46,73.02,-
May 10 2022 5:45:34 PM PDT,Up,44.25,78.44,73.01,-
May 10 2022 5:44:35 PM PDT,Up,45.75,72.79,73.01,-
May 10 2022 5:43:35 PM PDT,Up,42,73.84,73.01,-
May 10 2022 5:42:33 PM PDT,Up,44.88,83.23,73,-
May 10 2022 5:41:35 PM PDT,Up,47.63,79.02,73,-
May 10 2022 5:40:35 PM PDT,Up,50.63,75.73,73,-
May 10 2022 5:39:36 PM PDT,Up,43.75,80.56,72.99,-
May 10 2022 5:38:34 PM PDT,Up,51.63,75.9,72.99,-
May 10 2022 5:37:34 PM PDT,Up,40,82.45,72.99,-
May 10 2022 5:36:34 PM PDT,Up,38.88,78.5,72.98,-
May 10 2022 5:35:34 PM PDT,Up,46,73.33,72.98,-
May 10 2022 5:34:35 PM PDT,Up,48.88,77.48,72.98,-
May 10 2022 5:33:35 PM PDT,Up,48.63,80.04,72.99,-
May 10 2022 5:32:33 PM PDT,Up,47.75,82.51,72.98,-
May 10 2022 5:31:35 PM PDT,Up,52.63,75.47,72.98,-
May 10 2022 5:30:34 PM PDT,Up,41.88,80.56,72.98,-
May 10 2022 5:29:34 PM PDT,Up,40.25,75.95,72.97,-
May 10 2022 5:28:33 PM PDT,Up,44,71.41,72.97,-
May 10 2022 5:27:34 PM PDT,Up,45,79.55,72.97,-
May 10 2022 5:26:36 PM PDT,Up,42.13,75.06,72.96,-
May 10 2022 5:25:34 PM PDT,Up,44.38,71.96,72.96,-
May 10 2022 5:24:33 PM PDT,Up,38.5,78.63,72.96,-
May 10 2022 5:23:33 PM PDT,Up,44.25,77.64,72.95,-
May 10 2022 5:22:34 PM PDT,Up,42,75.36,72.95,-
May 10 2022 5:21:33 PM PDT,Up,39.88,82.1,72.95,-
May 10 2022 5:20:33 PM PDT,Up,43,77.66,72.94,-
May 10 2022 5:19:34 PM PDT,Up,44.5,83.52,72.94,-
May 10 2022 5:18:34 PM PDT,Up,45.38,80.13,72.95,-
May 10 2022 5:17:33 PM PDT,Up,45.63,74.83,72.94,-
May 10 2022 5:16:34 PM PDT,Up,54.13,76.26,72.94,-
May 10 2022 5:15:37 PM PDT,Up,47.63,80.11,72.94,-
May 10 2022 5:14:35 PM PDT,Up,42.25,73.32,72.93,-
May 10 2022 5:13:33 PM PDT,Up,40.13,79.42,72.93,-
May 10 2022 5:12:33 PM PDT,Up,37.5,74.56,72.93,-
May 10 2022 5:11:33 PM PDT,Up,35.75,71.13,72.92,-
May 10 2022 5:10:33 PM PDT,Up,38.38,78.2,72.92,-
May 10 2022 5:09:33 PM PDT,Up,37.63,74.32,72.92,-
May 10 2022 5:08:34 PM PDT,Up,38.88,72.05,72.92,-
May 10 2022 5:07:34 PM PDT,Up,39,78.87,72.91,-
May 10 2022 5:06:35 PM PDT,Up,42.38,74.33,72.91,-
May 10 2022 5:05:34 PM PDT,Up,41.63,81.64,72.91,-
May 10 2022 5:04:34 PM PDT,Up,39.5,74.67,72.91,-
May 10 2022 5:03:33 PM PDT,Up,41,80.18,72.91,-
May 10 2022 5:02:34 PM PDT,Up,40.88,73.6,72.91,-
May 10 2022 5:01:34 PM PDT,Up,41.5,75.88,72.9,-
May 10 2022 5:00:34 PM PDT,Up,43.5,71.94,72.9,-
May 10 2022 4:59:36 PM PDT,Up,35.13,78.22,72.9,-
May 10 2022 4:58:33 PM PDT,Up,36.63,75.21,72.89,-
May 10 2022 4:57:34 PM PDT,Up,36.5,73.5,72.89,-
May 10 2022 4:56:34 PM PDT,Up,32.88,79.03,72.89,-
May 10 2022 4:55:33 PM PDT,Up,36.25,75.61,72.89,-
May 10 2022 4:54:34 PM PDT,Up,40,71.16,72.88,-
May 10 2022 4:53:33 PM PDT,Up,34.38,80.69,72.88,-
May 10 2022 4:52:34 PM PDT,Up,34.63,77.63,72.88,-
May 10 2022 4:51:33 PM PDT,Up,37,74.43,72.88,-
May 10 2022 4:50:34 PM PDT,Up,37.63,81.86,72.88,-
May 10 2022 4:49:34 PM PDT,Up,33.63,77.43,72.88,-
May 10 2022 4:48:34 PM PDT,Up,36.75,75.6,72.88,-
May 10 2022 4:47:33 PM PDT,Up,37,77.57,72.88,-
May 10 2022 4:46:34 PM PDT,Up,38.75,74.29,72.87,-
May 10 2022 4:45:33 PM PDT,Up,37.5,79.45,72.87,-
May 10 2022 4:44:35 PM PDT,Up,34,75.43,72.87,-
May 10 2022 4:43:37 PM PDT,Up,32.88,79.93,72.87,-
May 10 2022 4:42:33 PM PDT,Up,33.38,75.28,72.86,-
May 10 2022 4:41:33 PM PDT,Up,35,72.31,72.86,-
May 10 2022 4:40:34 PM PDT,Up,38.25,78.55,72.86,-
May 10 2022 4:39:34 PM PDT,Up,30.63,77.99,72.86,-
May 10 2022 4:38:33 PM PDT,Up,35.5,75.41,72.85,-
May 10 2022 4:37:34 PM PDT,Up,38,72.06,72.85,-
May 10 2022 4:36:34 PM PDT,Up,27.75,80.29,72.85,-
May 10 2022 4:35:33 PM PDT,Up,32.88,77.37,72.85,-
May 10 2022 4:34:34 PM PDT,Up,34.38,73.4,72.84,-
May 10 2022 4:33:33 PM PDT,Up,42,80.6,72.84,-
May 10 2022 4:32:35 PM PDT,Up,42.13,73.57,72.85,-
May 10 2022 4:29:12 PM PDT,Critical,32.38,74.46,72.84,Memory Utilization exceeds 60 %
May 10 2022 4:28:13 PM PDT,Critical,33.25,73.64,72.84,Memory Utilization exceeds 60 %
May 10 2022 4:27:15 PM PDT,Critical,34.63,71.13,72.83,Memory Utilization exceeds 60 %
May 10 2022 4:23:26 PM PDT,Up,29.75,73.34,72.82,-
May 10 2022 4:22:26 PM PDT,Up,30.88,72.1,72.82,-
May 10 2022 4:21:26 PM PDT,Up,28.63,79.25,72.82,-
May 10 2022 4:20:26 PM PDT,Up,37.5,76.55,72.82,-
May 10 2022 4:17:44 PM PDT,Up,36,78.01,72.81,-
May 10 2022 4:16:45 PM PDT,Up,36,73.98,72.81,-
May 10 2022 4:15:45 PM PDT,Up,39.38,71.93,72.82,-
May 10 2022 4:14:44 PM PDT,Up,31.63,78.53,72.81,-
May 10 2022 4:13:45 PM PDT,Up,28,77.17,72.81,-
May 10 2022 4:12:44 PM PDT,Up,31.38,74.68,72.81,-
May 10 2022 4:11:44 PM PDT,Up,28.25,71.76,72.81,-
May 10 2022 4:10:47 PM PDT,Up,33.75,82.28,72.81,-
May 10 2022 4:09:44 PM PDT,Up,35.13,79.96,72.8,-
May 10 2022 4:08:45 PM PDT,Up,33.75,78.04,72.8,-
May 10 2022 4:07:44 PM PDT,Up,30.38,75.77,72.8,-
May 10 2022 4:06:44 PM PDT,Up,33.63,74.33,72.8,-
May 10 2022 4:05:45 PM PDT,Up,34.75,72.93,72.8,-
May 10 2022 4:04:45 PM PDT,Up,29.13,81.27,72.79,-
May 10 2022 4:03:44 PM PDT,Up,29.88,75.95,72.79,-
May 10 2022 4:02:44 PM PDT,Up,32.13,73.45,72.79,-
May 10 2022 4:01:44 PM PDT,Up,30.5,82.49,72.79,-
May 10 2022 4:00:44 PM PDT,Up,33.88,79.53,72.78,-
May 10 2022 3:59:43 PM PDT,Up,30.5,77.76,72.78,-
May 10 2022 3:58:44 PM PDT,Up,27.5,75.08,72.79,-
May 10 2022 3:57:43 PM PDT,Up,25.88,73.89,72.79,-
May 10 2022 3:56:44 PM PDT,Up,29.38,71.96,72.78,-
May 10 2022 3:55:44 PM PDT,Up,32.13,80.25,72.78,-
May 10 2022 3:54:44 PM PDT,Up,28,78.39,72.78,-
May 10 2022 3:53:47 PM PDT,Up,31,76.15,72.78,-
May 10 2022 3:52:44 PM PDT,Up,28.63,73.91,72.77,-
May 10 2022 3:51:44 PM PDT,Up,28.75,72.97,72.77,-
May 10 2022 3:50:45 PM PDT,Up,36,82.4,72.77,-
May 10 2022 3:49:44 PM PDT,Up,30.63,76.45,72.77,-
May 10 2022 3:48:45 PM PDT,Up,31.5,72.6,72.76,-
May 10 2022 3:47:45 PM PDT,Up,32.88,81.34,72.76,-
May 10 2022 3:46:43 PM PDT,Up,33,77.32,72.76,-
May 10 2022 3:45:44 PM PDT,Up,31.13,74.5,72.76,-
May 10 2022 3:44:44 PM PDT,Up,30,71.21,72.76,-
May 10 2022 3:43:44 PM PDT,Up,29.13,69.41,72.75,-
May 10 2022 3:42:44 PM PDT,Up,30.75,80.93,72.75,-
May 10 2022 3:41:44 PM PDT,Up,30.63,77.54,72.76,-
May 10 2022 3:40:45 PM PDT,Up,27.13,76.61,72.76,-
May 10 2022 3:39:43 PM PDT,Up,31.63,74.53,72.75,-
May 10 2022 3:38:44 PM PDT,Up,26.25,73.28,72.75,-
May 10 2022 3:37:45 PM PDT,Up,27,71.9,72.75,-
May 10 2022 3:36:44 PM PDT,Up,28.88,70.49,72.75,-
May 10 2022 3:35:44 PM PDT,Up,31.75,80.46,72.75,-
May 10 2022 3:34:44 PM PDT,Up,28.88,77.77,72.74,-
May 10 2022 3:33:43 PM PDT,Up,30.25,75.24,72.74,-
May 10 2022 3:32:45 PM PDT,Up,38.75,72.98,72.74,-
May 10 2022 3:31:45 PM PDT,Up,31.63,71.24,72.74,-
May 10 2022 3:30:44 PM PDT,Up,30.25,81.66,72.73,-
May 10 2022 3:29:44 PM PDT,Up,34.63,79.69,72.73,-
May 10 2022 3:28:45 PM PDT,Up,31.13,76.14,72.73,-
May 10 2022 3:27:44 PM PDT,Up,28.88,74.72,72.73,-
May 10 2022 3:26:44 PM PDT,Up,31.5,73.34,72.73,-
May 10 2022 3:25:43 PM PDT,Up,30,71.28,72.73,-
May 10 2022 3:24:44 PM PDT,Up,26.75,79.79,72.72,-
May 10 2022 3:23:44 PM PDT,Up,28.38,76.65,72.72,-
May 10 2022 3:22:44 PM PDT,Up,28.88,75.32,72.73,-
May 10 2022 3:21:47 PM PDT,Up,25.88,73.68,72.73,-
May 10 2022 3:20:44 PM PDT,Up,29.38,73.12,72.73,-
May 10 2022 3:19:43 PM PDT,Up,33,71.63,72.72,-
May 10 2022 3:18:43 PM PDT,Up,31.63,78.46,72.72,-
May 10 2022 3:17:44 PM PDT,Up,26.63,75.25,72.72,-
May 10 2022 3:16:44 PM PDT,Up,29.75,73.67,72.72,-
May 10 2022 3:15:44 PM PDT,Up,27.5,72.6,72.71,-
May 10 2022 3:14:43 PM PDT,Up,27.25,71.8,72.71,-
May 10 2022 3:13:43 PM PDT,Up,26.38,80.9,72.71,-
May 10 2022 3:12:43 PM PDT,Up,28.13,79.08,72.71,-
May 10 2022 3:11:43 PM PDT,Up,31.13,75.7,72.71,-
May 10 2022 3:10:45 PM PDT,Up,33.63,74.1,72.71,-
May 10 2022 3:09:44 PM PDT,Up,33.75,72.06,72.7,-
May 10 2022 3:08:44 PM PDT,Up,25.88,80.6,72.7,-
May 10 2022 3:07:45 PM PDT,Up,26.5,79.04,72.7,-
May 10 2022 3:06:44 PM PDT,Up,27.25,76.44,72.7,-
May 10 2022 3:05:46 PM PDT,Up,28.13,73.3,72.69,-
May 10 2022 3:04:44 PM PDT,Up,27,71.16,72.7,-
May 10 2022 3:03:44 PM PDT,Up,31,81.82,72.7,-
May 10 2022 3:02:45 PM PDT,Up,27.63,78.22,72.7,-
May 10 2022 3:01:44 PM PDT,Up,30,76.15,72.7,-
May 10 2022 3:00:45 PM PDT,Up,30.25,76.07,72.69,-
May 10 2022 2:59:43 PM PDT,Up,31.13,73.97,72.69,-
May 10 2022 2:58:44 PM PDT,Up,26.13,71.53,72.69,-
May 10 2022 2:57:44 PM PDT,Up,33.13,71.16,72.69,-
May 10 2022 2:56:44 PM PDT,Up,37.63,80.88,72.69,-
May 10 2022 2:55:47 PM PDT,Up,32.88,80.04,72.68,-
May 10 2022 2:54:44 PM PDT,Up,32.63,78.22,72.68,-
May 10 2022 2:53:44 PM PDT,Up,26.13,77.24,72.68,-
May 10 2022 2:52:44 PM PDT,Up,25.38,75.88,72.68,-
May 10 2022 2:51:44 PM PDT,Up,30,75.36,72.68,-
May 10 2022 2:50:44 PM PDT,Up,32.13,73.4,72.67,-
May 10 2022 2:49:48 PM PDT,Up,30,70.94,72.67,-
May 10 2022 2:48:44 PM PDT,Up,32,79.99,72.67,-
May 10 2022 2:47:44 PM PDT,Up,32.38,76.12,72.67,-
May 10 2022 2:46:44 PM PDT,Up,35.25,74.71,72.67,-
May 10 2022 2:45:44 PM PDT,Up,33.25,72.48,72.68,-
May 10 2022 2:44:44 PM PDT,Up,29.88,71.12,72.67,-
May 10 2022 2:43:44 PM PDT,Up,34.25,80.38,72.67,-
May 10 2022 2:42:45 PM PDT,Up,31.13,78.51,72.67,-
May 10 2022 2:41:45 PM PDT,Up,28.38,76.28,72.67,-
May 10 2022 2:40:44 PM PDT,Up,30.13,73.14,72.66,-
May 10 2022 2:39:44 PM PDT,Up,28.38,71.59,72.66,-
May 10 2022 2:38:44 PM PDT,Up,30.38,81.48,72.66,-
May 10 2022 2:37:44 PM PDT,Up,27.63,80.73,72.66,-
May 10 2022 2:36:43 PM PDT,Up,31,77.83,72.66,-
May 10 2022 2:35:45 PM PDT,Up,30.75,76.49,72.65,-
May 10 2022 2:34:44 PM PDT,Up,33.13,74.78,72.65,-
May 10 2022 2:33:44 PM PDT,Up,33.88,72.8,72.65,-
May 10 2022 2:32:46 PM PDT,Up,33.88,80.46,72.65,-
May 10 2022 2:31:43 PM PDT,Up,31.5,78.83,72.65,-
May 10 2022 2:30:45 PM PDT,Up,32.25,75.69,72.64,-
May 10 2022 2:29:44 PM PDT,Up,30.38,73.66,72.64,-
May 10 2022 2:28:44 PM PDT,Up,33.88,72.79,72.64,-
May 10 2022 2:27:45 PM PDT,Up,32.63,80.77,72.65,-
May 10 2022 2:26:45 PM PDT,Up,28.88,79.4,72.65,-
May 10 2022 2:25:45 PM PDT,Up,30.75,76.88,72.64,-
May 10 2022 2:24:43 PM PDT,Up,25.38,74.68,72.64,-
May 10 2022 2:23:44 PM PDT,Up,30.75,72.65,72.64,-
May 10 2022 2:22:44 PM PDT,Up,31,71.07,72.64,-
May 10 2022 2:21:44 PM PDT,Up,29.13,80.47,72.63,-
May 10 2022 2:20:45 PM PDT,Up,32,76.25,72.63,-
May 10 2022 2:19:44 PM PDT,Up,29.5,73.37,72.63,-
May 10 2022 2:18:44 PM PDT,Up,29.5,71.42,72.63,-
May 10 2022 2:17:44 PM PDT,Up,30.38,80.17,72.63,-
May 10 2022 2:16:45 PM PDT,Up,31.63,77.03,72.62,-
May 10 2022 2:15:43 PM PDT,Up,32.38,76.02,72.62,-
May 10 2022 2:14:43 PM PDT,Up,28,74.41,72.62,-
May 10 2022 2:13:43 PM PDT,Up,33.13,72.68,72.62,-
May 10 2022 2:12:44 PM PDT,Up,38.13,71.88,72.62,-
May 10 2022 2:11:44 PM PDT,Up,28.75,78.7,72.66,-
May 10 2022 2:10:44 PM PDT,Up,33.5,75.68,72.61,-
May 10 2022 2:09:44 PM PDT,Up,30.75,73.96,72.62,-
May 10 2022 2:08:44 PM PDT,Up,30.63,71.83,72.62,-
May 10 2022 2:07:45 PM PDT,Up,36,71.39,72.61,-
May 10 2022 2:06:44 PM PDT,Up,31.63,80.84,72.61,-
May 10 2022 2:05:45 PM PDT,Up,30.88,79.05,72.61,-
May 10 2022 2:04:44 PM PDT,Up,27.63,74.97,72.61,-
May 10 2022 2:03:44 PM PDT,Up,36.63,73.13,72.61,-
May 10 2022 2:02:45 PM PDT,Up,29.25,81.21,72.61,-
May 10 2022 2:01:44 PM PDT,Up,36.5,78.9,72.6,-
May 10 2022 2:00:48 PM PDT,Up,33.13,76.07,72.6,-
May 10 2022 1:59:44 PM PDT,Up,32.13,74.25,72.6,-
May 10 2022 1:58:44 PM PDT,Up,36.25,72.19,72.6,-
May 10 2022 1:57:45 PM PDT,Up,34.75,78.97,72.6,-
May 10 2022 1:56:45 PM PDT,Up,33,76.29,72.59,-
May 10 2022 1:55:45 PM PDT,Up,33.38,72.74,72.59,-
May 10 2022 1:54:45 PM PDT,Up,33.63,71.4,72.59,-
May 10 2022 1:53:45 PM PDT,Up,31.63,77.85,72.59,-
May 10 2022 1:52:45 PM PDT,Up,33.38,74.63,72.59,-
May 10 2022 1:51:45 PM PDT,Up,31.5,72.16,72.59,-
May 10 2022 1:50:44 PM PDT,Up,48.13,70.5,72.59,-
May 10 2022 1:49:45 PM PDT,Up,32,77.06,72.59,-
May 10 2022 1:48:44 PM PDT,Up,34.38,72.15,72.58,-
May 10 2022 1:47:44 PM PDT,Up,29.75,81.34,72.58,-
May 10 2022 1:46:44 PM PDT,Up,38,78.07,72.58,-
May 10 2022 1:45:44 PM PDT,Up,29.63,75.06,72.58,-
May 10 2022 1:44:47 PM PDT,Up,33.75,72.24,72.57,-
May 10 2022 1:43:45 PM PDT,Up,38.63,81.67,72.57,-
May 10 2022 1:42:44 PM PDT,Up,30.38,78.33,72.57,-
May 10 2022 1:41:44 PM PDT,Up,27.88,77.33,72.57,-
May 10 2022 1:40:44 PM PDT,Up,34.75,74.48,72.56,-
May 10 2022 1:39:44 PM PDT,Up,33.38,73.26,72.56,-
May 10 2022 1:38:44 PM PDT,Up,33.5,80.06,72.56,-
May 10 2022 1:37:44 PM PDT,Up,33.63,77.81,72.56,-
May 10 2022 1:36:44 PM PDT,Up,34.5,75.81,72.56,-
May 10 2022 1:35:45 PM PDT,Up,35.25,73.54,72.56,-
May 10 2022 1:34:44 PM PDT,Up,38.75,77.81,72.56,-
May 10 2022 1:33:45 PM PDT,Up,39.13,74.39,72.56,-
May 10 2022 1:32:45 PM PDT,Up,41,71.55,72.55,-
May 10 2022 1:31:44 PM PDT,Up,36.63,80.05,72.55,-
May 10 2022 1:30:45 PM PDT,Up,37.75,76.83,72.55,-
May 10 2022 1:29:45 PM PDT,Up,40.13,73.32,72.55,-
May 10 2022 1:28:44 PM PDT,Up,37.88,79.57,72.54,-
May 10 2022 1:27:47 PM PDT,Up,38.25,75.31,72.54,-
May 10 2022 1:26:44 PM PDT,Up,32.88,74.36,72.54,-
May 10 2022 1:25:44 PM PDT,Up,37.88,73.2,72.54,-
May 10 2022 1:24:45 PM PDT,Up,33.38,72.5,72.53,-
May 10 2022 1:23:44 PM PDT,Up,40.63,80.64,72.53,-
May 10 2022 1:22:44 PM PDT,Up,41,78.18,72.53,-
May 10 2022 1:21:46 PM PDT,Up,39,75.81,72.53,-
May 10 2022 1:20:45 PM PDT,Up,46.5,74.48,72.53,-
May 10 2022 1:19:45 PM PDT,Up,40.75,74.63,72.53,-
May 10 2022 1:18:45 PM PDT,Up,47,81.29,72.53,-
May 10 2022 1:17:46 PM PDT,Up,36.25,75.37,72.53,-
May 10 2022 1:16:44 PM PDT,Up,46,72.33,72.52,-
May 10 2022 1:15:45 PM PDT,Up,41.63,69.94,72.52,-
May 10 2022 1:14:44 PM PDT,Up,34,79.55,72.52,-
May 10 2022 1:13:44 PM PDT,Up,45.5,77.42,72.52,-
May 10 2022 1:12:45 PM PDT,Up,41.13,74.25,72.52,-
May 10 2022 1:11:44 PM PDT,Up,39.88,72.88,72.51,-
May 10 2022 1:10:45 PM PDT,Up,42,71.53,72.51,-
May 10 2022 1:09:45 PM PDT,Up,47.5,78.72,72.51,-
May 10 2022 1:08:45 PM PDT,Up,37.63,73.55,72.5,-
May 10 2022 1:07:46 PM PDT,Up,41.63,71.57,72.5,-
May 10 2022 1:06:44 PM PDT,Up,40.75,80.51,72.5,-
May 10 2022 1:05:45 PM PDT,Up,51.25,75.72,72.5,-
May 10 2022 1:04:44 PM PDT,Up,49.38,74.9,72.5,-
May 10 2022 1:03:45 PM PDT,Up,46.5,80.61,72.5,-
May 10 2022 1:02:44 PM PDT,Up,42.25,75.1,72.5,-
May 10 2022 1:01:45 PM PDT,Up,51.38,81.35,72.49,-
May 10 2022 1:00:47 PM PDT,Up,42.5,75.35,72.49,-
May 10 2022 12:59:45 PM PDT,Up,42,71.74,72.49,-
May 10 2022 12:58:44 PM PDT,Up,45,76.16,72.48,-
May 10 2022 12:57:46 PM PDT,Up,47.25,72.74,72.48,-
May 10 2022 12:56:45 PM PDT,Up,42.5,79.9,72.48,-
May 10 2022 12:55:48 PM PDT,Up,43,75.31,72.48,-
May 10 2022 12:54:44 PM PDT,Up,40.5,72.34,72.47,-
May 10 2022 12:53:45 PM PDT,Up,42.75,78.33,72.47,-
May 10 2022 12:52:45 PM PDT,Up,40.75,75.04,72.47,-
May 10 2022 12:51:44 PM PDT,Up,41.25,72.17,72.46,-
May 10 2022 12:50:44 PM PDT,Up,55.5,76.53,72.46,-
May 10 2022 12:49:45 PM PDT,Up,50.25,75.05,72.46,-
May 10 2022 12:48:44 PM PDT,Up,51.38,78.65,72.46,-
May 10 2022 12:47:45 PM PDT,Up,44,80.98,72.46,-
May 10 2022 12:46:45 PM PDT,Up,57.63,76.08,72.46,-
May 10 2022 12:45:46 PM PDT,Up,47.13,71.85,72.46,-
May 10 2022 12:44:45 PM PDT,Up,47.63,80.05,72.45,-
May 10 2022 12:43:46 PM PDT,Up,48.63,77.99,72.45,-
May 10 2022 12:42:46 PM PDT,Up,46.38,74.27,72.45,-
May 10 2022 12:41:47 PM PDT,Up,47.13,80.22,72.44,-
May 10 2022 12:40:46 PM PDT,Up,41,74.62,72.44,-
May 10 2022 12:39:47 PM PDT,Up,45.25,70.19,72.44,-
May 10 2022 12:38:45 PM PDT,Up,45.75,75.47,72.43,-
May 10 2022 12:37:45 PM PDT,Up,45.5,72.42,72.43,-
May 10 2022 12:36:45 PM PDT,Up,48.75,81.91,72.43,-
May 10 2022 12:35:46 PM PDT,Up,57.25,76.36,72.43,-
May 10 2022 12:34:46 PM PDT,Up,55.88,72.28,72.43,-
May 10 2022 12:33:47 PM PDT,Up,62.13,76.6,72.43,-
May 10 2022 12:32:47 PM PDT,Up,56.38,76.39,72.43,-
May 10 2022 12:31:46 PM PDT,Up,58.38,72.01,72.42,-
May 10 2022 12:30:46 PM PDT,Up,56.5,77.72,72.42,-
May 10 2022 12:29:46 PM PDT,Up,53.63,71.57,72.42,-
May 10 2022 12:28:46 PM PDT,Up,50.63,75.45,72.41,-
May 10 2022 12:27:45 PM PDT,Up,52.38,81.65,72.41,-
May 10 2022 12:26:46 PM PDT,Up,51.38,75.68,72.41,-
May 10 2022 12:25:46 PM PDT,Up,58,71.85,72.4,-
May 10 2022 12:24:47 PM PDT,Up,53.75,76.79,72.4,-
May 10 2022 12:23:46 PM PDT,Up,55.38,80.77,72.4,-
May 10 2022 12:22:50 PM PDT,Up,55.63,76.99,72.39,-
May 10 2022 12:21:46 PM PDT,Up,53.75,79.82,72.39,-
May 10 2022 12:20:46 PM PDT,Up,63.63,73.64,72.4,-
May 10 2022 12:19:47 PM PDT,Up,55.25,79.84,72.39,-
May 10 2022 12:18:47 PM PDT,Up,57.5,77.27,72.39,-
May 10 2022 12:17:46 PM PDT,Up,56.75,79.19,72.38,-
May 10 2022 12:16:46 PM PDT,Up,62.13,72.48,72.38,-
May 10 2022 12:15:47 PM PDT,Up,56.38,75.92,72.38,-
May 10 2022 12:14:45 PM PDT,Up,57.5,81.11,72.37,-
May 10 2022 12:13:47 PM PDT,Up,54.13,76.02,72.37,-
May 10 2022 12:12:47 PM PDT,Up,56,78.85,72.37,-
May 10 2022 12:11:47 PM PDT,Up,49.88,73.22,72.36,-
May 10 2022 12:10:45 PM PDT,Up,51.25,79.88,72.36,-
May 10 2022 12:09:46 PM PDT,Up,45.88,74.29,72.36,-
May 10 2022 12:08:46 PM PDT,Up,50.63,78.88,72.35,-
May 10 2022 12:07:46 PM PDT,Up,46.75,74.97,72.35,-
May 10 2022 12:06:46 PM PDT,Up,52.13,80.65,72.35,-
May 10 2022 12:05:45 PM PDT,Up,57.5,78.85,72.35,-
May 10 2022 12:04:45 PM PDT,Up,53.63,78.16,72.35,-
May 10 2022 12:03:45 PM PDT,Up,54.13,79.1,72.34,-
May 10 2022 12:02:44 PM PDT,Up,49,74.69,72.34,-
May 10 2022 12:01:46 PM PDT,Up,54.13,76.56,72.34,-
May 10 2022 12:00:45 PM PDT,Up,47.75,72.34,72.33,-
May 10 2022 11:59:46 AM PDT,Up,45.88,76.8,72.33,-
May 10 2022 11:58:46 AM PDT,Up,55,73.98,72.33,-
May 10 2022 11:57:47 AM PDT,Up,53.13,77.33,72.33,-
May 10 2022 11:56:45 AM PDT,Up,44,77.14,72.33,-
May 10 2022 11:55:45 AM PDT,Up,44.88,71.32,72.33,-
May 10 2022 11:54:44 AM PDT,Up,42,78.41,72.32,-
May 10 2022 11:53:45 AM PDT,Up,50.88,71.71,72.32,-
May 10 2022 11:52:45 AM PDT,Up,43.63,81.53,72.32,-
May 10 2022 11:51:45 AM PDT,Up,41.88,80.18,72.31,-
May 10 2022 11:50:49 AM PDT,Up,62.38,80.92,72.31,-
May 10 2022 11:49:46 AM PDT,Up,50.5,77.93,72.31,-
May 10 2022 11:48:46 AM PDT,Up,52.75,79.92,72.3,-
May 10 2022 11:47:46 AM PDT,Up,50.25,76.49,72.3,-
May 10 2022 11:46:45 AM PDT,Up,55.75,79.95,72.3,-
May 10 2022 11:45:46 AM PDT,Up,57.75,73.96,72.29,-
May 10 2022 11:44:47 AM PDT,Up,67.5,81.06,72.29,-
May 10 2022 11:43:47 AM PDT,Up,59.88,75.88,72.3,-
May 10 2022 11:42:44 AM PDT,Up,59,71.83,72.3,-
May 10 2022 11:41:45 AM PDT,Up,57.88,78.27,72.29,-
May 10 2022 11:40:47 AM PDT,Up,55.25,72.99,72.29,-
May 10 2022 11:39:46 AM PDT,Up,47.75,79.83,72.29,-
May 10 2022 11:38:45 AM PDT,Up,43.38,76.48,72.28,-
May 10 2022 11:37:45 AM PDT,Up,43.5,72.8,72.28,-
May 10 2022 11:36:46 AM PDT,Up,39.88,79.33,72.28,-
May 10 2022 11:35:46 AM PDT,Up,47.38,74.7,72.27,-
May 10 2022 11:34:49 AM PDT,Up,45.5,79.27,72.27,-
May 10 2022 11:33:45 AM PDT,Up,46,80.3,72.27,-
May 10 2022 11:32:46 AM PDT,Up,44.88,76.69,72.26,-
May 10 2022 11:31:44 AM PDT,Up,43.38,79.14,72.26,-
May 10 2022 11:30:46 AM PDT,Up,39.88,75.96,72.26,-
May 10 2022 11:29:45 AM PDT,Up,40.88,73.1,72.25,-
May 10 2022 11:28:44 AM PDT,Up,43.25,77.15,72.25,-
May 10 2022 11:27:46 AM PDT,Up,40,72.23,72.25,-
May 10 2022 11:26:45 AM PDT,Up,40.38,79.92,72.25,-
May 10 2022 11:25:44 AM PDT,Up,42.38,72.65,72.24,-
May 10 2022 11:24:45 AM PDT,Up,39.25,70.37,72.24,-
May 10 2022 11:23:45 AM PDT,Up,37,77.93,72.24,-
May 10 2022 11:22:44 AM PDT,Up,33.75,75.67,72.24,-
May 10 2022 11:21:45 AM PDT,Up,38,73.03,72.24,-
May 10 2022 11:20:44 AM PDT,Up,42.25,79.39,72.23,-
May 10 2022 11:19:44 AM PDT,Up,35.38,80.83,72.23,-
May 10 2022 11:18:45 AM PDT,Up,37.38,73.01,72.23,-
May 10 2022 11:17:47 AM PDT,Up,34.5,79.13,72.22,-
May 10 2022 11:16:44 AM PDT,Up,44.38,72.71,72.22,-
May 10 2022 11:15:46 AM PDT,Up,39.88,77.5,72.22,-
May 10 2022 11:14:45 AM PDT,Up,35.13,72.94,72.22,-
May 10 2022 11:13:44 AM PDT,Up,34.88,81.22,72.21,-
May 10 2022 11:12:44 AM PDT,Up,36,76.16,72.21,-
May 10 2022 11:11:45 AM PDT,Up,30.25,72.47,72.21,-
May 10 2022 11:10:44 AM PDT,Up,31.75,71.14,72.22,-
May 10 2022 11:09:45 AM PDT,Up,30.63,76.48,72.22,-
May 10 2022 11:08:44 AM PDT,Up,27.63,73.99,72.21,-
May 10 2022 11:07:44 AM PDT,Up,33.25,71.07,72.21,-
May 10 2022 11:06:44 AM PDT,Up,31,78.79,72.21,-
May 10 2022 11:05:44 AM PDT,Up,33.25,75.08,72.21,-
May 10 2022 11:04:45 AM PDT,Up,32.38,75.03,72.2,-
May 10 2022 11:03:44 AM PDT,Up,37.88,69.79,72.2,-
May 10 2022 11:02:45 AM PDT,Up,37.13,72.66,72.2,-
May 10 2022 11:01:47 AM PDT,Up,36.38,81.49,72.19,-
May 10 2022 11:00:44 AM PDT,Up,30.63,78.75,72.19,-
May 10 2022 10:59:45 AM PDT,Up,25.38,75.01,72.19,-
May 10 2022 10:58:44 AM PDT,Up,28.88,72.48,72.19,-
May 10 2022 10:57:44 AM PDT,Up,26.5,69.79,72.18,-
May 10 2022 10:56:44 AM PDT,Up,25.63,80.07,72.18,-
May 10 2022 10:55:44 AM PDT,Up,27.25,77.11,72.18,-
May 10 2022 10:54:44 AM PDT,Up,20.88,73.15,72.18,-
May 10 2022 10:53:44 AM PDT,Up,27.63,71.18,72.18,-
May 10 2022 10:52:44 AM PDT,Up,23.13,79.79,72.17,-
May 10 2022 10:51:44 AM PDT,Up,21.5,78.85,72.18,-
May 10 2022 10:50:43 AM PDT,Up,28,74.27,72.18,-
May 10 2022 10:49:44 AM PDT,Up,19.38,81.11,72.18,-
May 10 2022 10:48:43 AM PDT,Up,21.75,76.31,72.17,-
May 10 2022 10:47:44 AM PDT,Up,22.63,72.38,72.17,-
May 10 2022 10:46:43 AM PDT,Up,27.88,70.66,72.17,-
May 10 2022 10:45:44 AM PDT,Up,26.75,80.75,72.17,-
May 10 2022 10:44:44 AM PDT,Up,23.13,78.84,72.16,-
May 10 2022 10:43:44 AM PDT,Up,23.13,74.79,72.16,-
May 10 2022 10:42:44 AM PDT,Up,20.75,72.38,72.16,-
May 10 2022 10:41:44 AM PDT,Up,23.13,69.52,72.16,-
May 10 2022 10:40:43 AM PDT,Up,23.13,80.4,72.16,-
May 10 2022 10:39:44 AM PDT,Up,21.38,80.57,72.15,-
May 10 2022 10:38:44 AM PDT,Up,19.5,77.98,72.15,-
May 10 2022 10:37:43 AM PDT,Up,20.63,75.23,72.15,-
May 10 2022 10:36:43 AM PDT,Up,17,73.48,72.15,-
May 10 2022 10:35:43 AM PDT,Up,22.63,71.65,72.14,-
May 10 2022 10:34:43 AM PDT,Up,18,80.2,72.15,-
May 10 2022 10:33:43 AM PDT,Up,19.25,77.88,72.15,-
May 10 2022 10:32:44 AM PDT,Up,22.25,75,72.15,-
May 10 2022 10:31:43 AM PDT,Up,21.63,72.18,72.14,-
May 10 2022 10:30:44 AM PDT,Up,20.38,71.21,72.14,-
May 10 2022 10:29:46 AM PDT,Up,14.25,70.27,72.14,-
May 10 2022 10:28:43 AM PDT,Up,16.88,69.6,72.14,-
May 10 2022 10:27:43 AM PDT,Up,16,69.23,72.14,-
May 10 2022 10:26:44 AM PDT,Up,15.75,69.47,72.14,-
May 10 2022 10:25:44 AM PDT,Up,15.38,81.45,72.14,-
May 10 2022 10:24:44 AM PDT,Up,13,80.95,72.13,-
May 10 2022 10:23:43 AM PDT,Up,16.13,80.34,72.13,-
May 10 2022 10:22:43 AM PDT,Up,13.88,79.79,72.13,-
May 10 2022 10:21:43 AM PDT,Up,13,80.17,72.13,-
May 10 2022 10:20:43 AM PDT,Up,17.13,79.71,72.13,-
May 10 2022 10:19:44 AM PDT,Up,16.63,78.54,72.13,-
May 10 2022 10:18:44 AM PDT,Up,16.63,76.8,72.12,-
May 10 2022 10:17:43 AM PDT,Up,15.5,74.93,72.12,-
May 10 2022 10:16:43 AM PDT,Up,13,73.46,72.12,-
May 10 2022 10:15:43 AM PDT,Up,15.13,73.43,72.13,-
May 10 2022 10:14:44 AM PDT,Up,11,72.7,72.13,-
May 10 2022 10:13:45 AM PDT,Up,9.5,72.14,72.12,-
May 10 2022 10:12:43 AM PDT,Up,14.88,72.03,72.12,-
May 10 2022 10:11:43 AM PDT,Up,16.38,69.62,72.26,-
May 10 2022 10:10:43 AM PDT,Up,14.38,68.25,72.14,-
May 10 2022 10:09:43 AM PDT,Up,11.63,80.81,72.14,-
May 10 2022 10:08:43 AM PDT,Up,12.5,80.1,72.13,-
May 10 2022 10:07:43 AM PDT,Up,13.38,78.72,72.13,-
May 10 2022 10:06:43 AM PDT,Up,14,78.04,72.13,-
May 10 2022 10:05:43 AM PDT,Up,15.13,76.99,72.13,-
May 10 2022 10:04:43 AM PDT,Up,14.25,75.42,72.13,-
May 10 2022 10:03:43 AM PDT,Up,14.75,74.1,72.13,-
May 10 2022 10:02:43 AM PDT,Up,14.88,72.31,72.12,-
May 10 2022 10:01:43 AM PDT,Up,12.88,72.09,72.12,-
May 10 2022 10:00:43 AM PDT,Up,7.5,70.83,72.12,-
May 10 2022 9:59:43 AM PDT,Up,10.75,70.83,72.12,-
May 10 2022 9:58:43 AM PDT,Up,7.75,70.71,72.12,-
May 10 2022 9:57:45 AM PDT,Up,7.63,70.67,72.12,-
May 10 2022 9:56:43 AM PDT,Up,9.5,70.59,72.11,-
May 10 2022 9:55:43 AM PDT,Up,7.5,70.32,72.12,-
May 10 2022 9:54:43 AM PDT,Up,7.88,70.5,72.12,-
May 10 2022 9:53:43 AM PDT,Up,8.38,70.47,72.12,-
May 10 2022 9:52:43 AM PDT,Up,8.13,70.35,72.12,-
May 10 2022 9:51:43 AM PDT,Up,6.25,70.19,72.12,-
May 10 2022 9:50:43 AM PDT,Up,7.38,70.1,72.12,-
May 10 2022 9:49:43 AM PDT,Up,7.13,70.08,72.11,-
May 10 2022 9:48:43 AM PDT,Up,6.38,70.04,72.11,-
May 10 2022 9:47:43 AM PDT,Up,7.25,70.03,72.11,-
May 10 2022 9:46:43 AM PDT,Up,6.75,69.99,72.11,-
May 10 2022 9:45:43 AM PDT,Up,9.75,69.94,72.11,-
May 10 2022 9:44:43 AM PDT,Up,7.13,70,72.11,-
May 10 2022 9:43:43 AM PDT,Up,7.63,69.86,72.11,-
May 10 2022 9:42:43 AM PDT,Up,8.75,69.85,72.11,-
May 10 2022 9:41:45 AM PDT,Up,9.63,69.7,72.11,-
May 10 2022 9:40:43 AM PDT,Up,6.88,69.21,72.1,-
May 10 2022 9:39:43 AM PDT,Up,8.25,69.62,72.1,-
May 10 2022 9:38:43 AM PDT,Up,24.75,69.63,72.1,-
May 10 2022 9:37:43 AM PDT,Up,23,69.62,72.1,-
May 10 2022 9:36:43 AM PDT,Up,19.38,69.58,72.1,-
May 10 2022 9:35:43 AM PDT,Up,23.63,69.35,72.1,-
May 10 2022 9:34:43 AM PDT,Up,20.38,69.7,72.1,-
May 10 2022 9:33:43 AM PDT,Up,10,72.54,72.09,-
May 10 2022 9:32:43 AM PDT,Up,6.25,69.24,72.09,-
May 10 2022 9:31:43 AM PDT,Up,9,69.26,72.09,-
May 10 2022 9:30:43 AM PDT,Up,11,69.25,72.09,-
May 10 2022 9:29:43 AM PDT,Up,8.38,69.11,72.09,-
May 10 2022 9:28:43 AM PDT,Up,6.25,69.07,72.09,-
May 10 2022 9:27:43 AM PDT,Up,11.25,69.07,72.09,-
May 10 2022 9:26:43 AM PDT,Up,6.13,69.17,72.08,-
May 10 2022 9:25:43 AM PDT,Up,6.88,69.19,72.08,-
May 10 2022 9:24:45 AM PDT,Up,7.13,69.06,72.08,-
May 10 2022 9:23:43 AM PDT,Up,6.5,68.93,72.08,-
May 10 2022 9:22:43 AM PDT,Up,6.88,68.85,72.08,-
May 10 2022 9:21:43 AM PDT,Up,5.38,68.8,72.08,-
May 10 2022 9:20:43 AM PDT,Up,7.38,68.72,72.08,-
May 10 2022 9:19:43 AM PDT,Up,7,68.66,72.07,-
May 10 2022 9:18:43 AM PDT,Up,7.25,68.53,72.07,-
May 10 2022 9:17:43 AM PDT,Up,7.13,68.43,72.07,-
May 10 2022 9:16:43 AM PDT,Up,7.38,68.41,72.07,-
May 10 2022 9:15:43 AM PDT,Up,9.5,68.41,72.08,-
May 10 2022 9:14:43 AM PDT,Up,8.75,68.33,72.08,-
May 10 2022 9:13:43 AM PDT,Up,6.75,68.3,72.08,-
May 10 2022 9:12:43 AM PDT,Up,6.5,68.21,72.07,-
May 10 2022 9:11:43 AM PDT,Up,9.75,68.21,72.07,-
May 10 2022 9:10:43 AM PDT,Up,6.38,68.23,72.07,-
May 10 2022 9:09:43 AM PDT,Up,8,68.24,72.07,-
May 10 2022 9:08:43 AM PDT,Up,7.13,68.11,72.07,-
May 10 2022 9:07:43 AM PDT,Up,7.25,68.12,72.07,-
May 10 2022 9:06:43 AM PDT,Up,7.25,68.23,72.07,-
May 10 2022 9:05:43 AM PDT,Trouble,8.75,81.99,72.06,Memory Utilization exceeds 80 %
May 10 2022 9:04:43 AM PDT,Trouble,7.63,82.13,72.06,Memory Utilization exceeds 80 %
May 10 2022 9:03:43 AM PDT,Trouble,7.25,81.96,72.06,Memory Utilization exceeds 80 %
May 10 2022 9:02:43 AM PDT,Trouble,8.88,81.86,72.06,Memory Utilization exceeds 80 %
May 10 2022 9:01:43 AM PDT,Trouble,6.88,81.73,72.06,Memory Utilization exceeds 80 %
May 10 2022 9:00:43 AM PDT,Trouble,7,81.67,72.06,Memory Utilization exceeds 80 %
May 10 2022 8:59:43 AM PDT,Trouble,7.38,81.58,72.06,Memory Utilization exceeds 80 %
May 10 2022 8:58:43 AM PDT,Trouble,7,81.49,72.06,Memory Utilization exceeds 80 %
May 10 2022 8:57:43 AM PDT,Trouble,7.25,81.47,72.05,Memory Utilization exceeds 80 %
May 10 2022 8:56:43 AM PDT,Trouble,6.38,81.42,72.05,Memory Utilization exceeds 80 %
May 10 2022 8:55:43 AM PDT,Trouble,7.25,81.38,72.06,Memory Utilization exceeds 80 %
May 10 2022 8:54:43 AM PDT,Trouble,7.25,81.39,72.06,Memory Utilization exceeds 80 %
May 10 2022 8:53:43 AM PDT,Trouble,7.75,81.23,72.06,Memory Utilization exceeds 80 %
May 10 2022 8:52:45 AM PDT,Trouble,6.5,81.1,72.06,Memory Utilization exceeds 80 %
May 10 2022 8:51:43 AM PDT,Trouble,7.25,81.09,72.06,Memory Utilization exceeds 80 %
May 10 2022 8:50:43 AM PDT,Trouble,6.88,81.08,72.05,Memory Utilization exceeds 80 %
May 10 2022 8:49:43 AM PDT,Trouble,7,81.13,72.05,Memory Utilization exceeds 80 %
May 10 2022 8:48:43 AM PDT,Trouble,7,81.12,72.05,Memory Utilization exceeds 80 %
May 10 2022 8:47:43 AM PDT,Trouble,6.88,81.05,72.05,Memory Utilization exceeds 80 %
May 10 2022 8:46:43 AM PDT,Trouble,6.75,80.93,72.05,Memory Utilization exceeds 80 %
May 10 2022 8:45:43 AM PDT,Trouble,7.13,80.88,72.05,Memory Utilization exceeds 80 %
May 10 2022 8:44:43 AM PDT,Trouble,7,80.85,72.05,Memory Utilization exceeds 80 %
May 10 2022 8:43:43 AM PDT,Trouble,6.75,80.73,72.04,Memory Utilization exceeds 80 %
May 10 2022 8:42:43 AM PDT,Trouble,6.38,80.67,72.04,Memory Utilization exceeds 80 %
May 10 2022 8:41:43 AM PDT,Trouble,7.88,80.62,72.04,Memory Utilization exceeds 80 %
May 10 2022 8:40:43 AM PDT,Trouble,6,80.73,72.04,Memory Utilization exceeds 80 %
May 10 2022 8:39:43 AM PDT,Trouble,7.63,80.66,72.04,Memory Utilization exceeds 80 %
May 10 2022 8:38:43 AM PDT,Trouble,9.25,80.52,72.04,Memory Utilization exceeds 80 %
May 10 2022 8:37:43 AM PDT,Trouble,9.75,80.46,72.04,Memory Utilization exceeds 80 %
May 10 2022 8:36:45 AM PDT,Trouble,8.5,82.15,72.03,Memory Utilization exceeds 80 %
May 10 2022 8:35:43 AM PDT,Trouble,9.25,81.42,72.04,Memory Utilization exceeds 80 %
May 10 2022 8:34:43 AM PDT,Trouble,9.38,81.01,72.04,Memory Utilization exceeds 80 %
May 10 2022 8:33:43 AM PDT,Up,8.75,80.66,72.04,-
May 10 2022 8:32:43 AM PDT,Up,6.25,80.8,72.04,-
May 10 2022 8:31:43 AM PDT,Up,8.88,80.72,72.04,-
May 10 2022 8:30:43 AM PDT,Up,12.88,80.97,72.04,-
May 10 2022 8:29:43 AM PDT,Up,11.25,79.99,72.03,-
May 10 2022 8:28:43 AM PDT,Up,11.13,79.8,72.03,-
May 10 2022 8:27:43 AM PDT,Up,12,79.32,72.03,-
May 10 2022 8:26:43 AM PDT,Up,10.38,84.51,72.03,-
May 10 2022 8:25:44 AM PDT,Up,10.38,79.76,72.03,-
May 10 2022 8:24:43 AM PDT,Up,8.13,79.77,72.03,-
May 10 2022 8:23:43 AM PDT,Up,8.88,79.72,72.03,-
May 10 2022 8:22:43 AM PDT,Up,7.38,79.75,72.05,-
May 10 2022 8:21:43 AM PDT,Up,8.5,79.74,72.03,-
May 10 2022 8:20:45 AM PDT,Up,7.5,80.59,72.02,-
May 10 2022 8:19:43 AM PDT,Up,9.38,80.19,72.02,-
May 10 2022 8:18:43 AM PDT,Up,8.25,80.06,72.02,-
May 10 2022 8:17:43 AM PDT,Up,7.25,79.55,72.02,-
May 10 2022 8:16:43 AM PDT,Up,7,79.54,72.02,-
May 10 2022 8:15:43 AM PDT,Up,10.5,79.14,72.02,-
May 10 2022 8:14:43 AM PDT,Up,9,79.93,72.02,-
May 10 2022 8:13:43 AM PDT,Up,8.13,79.9,72.02,-
May 10 2022 8:12:43 AM PDT,Up,8.25,80.08,72.02,-
May 10 2022 8:11:43 AM PDT,Up,7.88,80.27,72.02,-
May 10 2022 8:10:43 AM PDT,Up,7.88,80.07,72.02,-
May 10 2022 8:09:43 AM PDT,Up,8,79.87,72.02,-
May 10 2022 8:08:43 AM PDT,Up,7.38,79.56,72.02,-
May 10 2022 8:07:43 AM PDT,Up,7.25,79.57,72.02,-
May 10 2022 8:06:43 AM PDT,Up,8.38,79.57,72.01,-
May 10 2022 8:05:43 AM PDT,Up,7.75,79.46,72.01,-
May 10 2022 8:04:43 AM PDT,Up,7.88,79.59,72.01,-
May 10 2022 8:03:45 AM PDT,Up,8.75,79.44,72.01,-
May 10 2022 8:02:43 AM PDT,Up,8.25,79.36,72.01,-
May 10 2022 8:01:43 AM PDT,Up,8.63,79.32,72.01,-
May 10 2022 8:00:43 AM PDT,Up,10,79.24,72.01,-
May 10 2022 7:59:43 AM PDT,Up,9.75,79.27,72,-
May 10 2022 7:58:43 AM PDT,Up,11.25,79.1,72,-
May 10 2022 7:57:43 AM PDT,Up,8.38,79.08,72,-
May 10 2022 7:56:43 AM PDT,Up,7.38,79.21,72,-
May 10 2022 7:55:43 AM PDT,Up,7.75,79.19,72.01,-
May 10 2022 7:54:43 AM PDT,Up,9.25,79.42,72.01,-
May 10 2022 7:53:43 AM PDT,Up,6.5,78.79,72,-
May 10 2022 7:52:43 AM PDT,Up,7.5,78.77,72,-
May 10 2022 7:51:43 AM PDT,Up,7.75,78.72,72,-
May 10 2022 7:50:43 AM PDT,Up,6.75,78.68,72,-
May 10 2022 7:49:43 AM PDT,Up,7.5,78.63,72,-
May 10 2022 7:48:43 AM PDT,Up,8.88,78.71,72,-
May 10 2022 7:47:44 AM PDT,Up,7.63,78.67,72,-
May 10 2022 7:46:43 AM PDT,Up,9.25,78.95,72,-
May 10 2022 7:45:43 AM PDT,Up,8.38,79.48,71.99,-
May 10 2022 7:44:43 AM PDT,Trouble,10.13,81.88,71.99,Memory Utilization exceeds 80 %
May 10 2022 7:43:44 AM PDT,Up,12.75,82.1,71.99,-
May 10 2022 7:42:43 AM PDT,Up,11,80.97,71.99,-
May 10 2022 7:41:43 AM PDT,Up,13.75,81.58,71.99,-
May 10 2022 7:40:43 AM PDT,Up,8.13,80.8,71.99,-
May 10 2022 7:39:43 AM PDT,Up,7.13,78.45,71.99,-
May 10 2022 7:38:43 AM PDT,Up,7.75,78.44,71.99,-
May 10 2022 7:37:43 AM PDT,Up,6.88,78.39,71.99,-
May 10 2022 7:36:43 AM PDT,Up,6.5,78.31,71.98,-
May 10 2022 7:35:43 AM PDT,Up,6.38,78.26,71.98,-
May 10 2022 7:34:43 AM PDT,Up,7.25,78.24,71.99,-
May 10 2022 7:33:43 AM PDT,Up,7.13,78.24,71.99,-
May 10 2022 7:32:43 AM PDT,Up,6.75,78.17,71.99,-
May 10 2022 7:31:43 AM PDT,Up,6.75,78.12,71.99,-
May 10 2022 7:30:43 AM PDT,Up,11.63,78.11,71.99,-
May 10 2022 7:29:43 AM PDT,Up,8.25,78.06,71.98,-
May 10 2022 7:28:43 AM PDT,Up,6.88,77.96,71.98,-
May 10 2022 7:27:43 AM PDT,Up,6.5,77.98,71.98,-
May 10 2022 7:26:43 AM PDT,Up,6.63,77.82,71.98,-
May 10 2022 7:25:43 AM PDT,Up,6.13,77.74,71.98,-
May 10 2022 7:24:43 AM PDT,Up,7.88,77.82,71.98,-
May 10 2022 7:23:43 AM PDT,Up,6.63,77.78,71.98,-
May 10 2022 7:22:43 AM PDT,Up,6.38,77.77,71.97,-
May 10 2022 7:21:43 AM PDT,Up,6.13,77.63,71.97,-
May 10 2022 7:20:43 AM PDT,Up,6,77.59,71.97,-
May 10 2022 7:19:43 AM PDT,Up,6.75,77.55,71.97,-
May 10 2022 7:18:43 AM PDT,Up,6.63,77.4,71.97,-
May 10 2022 7:17:43 AM PDT,Up,6.13,77.47,71.97,-
May 10 2022 7:16:43 AM PDT,Up,6.13,77.4,71.97,-
May 10 2022 7:15:45 AM PDT,Up,5.88,77.2,71.96,-
May 10 2022 7:14:43 AM PDT,Up,7.25,77.21,71.97,-
May 10 2022 7:13:43 AM PDT,Up,7.13,77.15,71.97,-
May 10 2022 7:12:43 AM PDT,Up,6.38,77.15,71.97,-
May 10 2022 7:11:43 AM PDT,Up,7.75,77.1,71.97,-
May 10 2022 7:10:43 AM PDT,Up,6.13,77,71.97,-
May 10 2022 7:09:43 AM PDT,Up,6.88,76.94,71.97,-
May 10 2022 7:08:43 AM PDT,Up,7,76.88,71.96,-
May 10 2022 7:07:43 AM PDT,Up,6.5,76.85,71.96,-
May 10 2022 7:06:43 AM PDT,Up,6.25,76.81,71.96,-
May 10 2022 7:05:43 AM PDT,Up,6.25,76.75,71.96,-
May 10 2022 7:04:43 AM PDT,Up,7,76.74,71.96,-
May 10 2022 7:03:43 AM PDT,Up,6.88,76.69,71.96,-
May 10 2022 7:02:43 AM PDT,Up,7,76.71,71.96,-
May 10 2022 7:01:43 AM PDT,Up,6.25,76.62,71.95,-
May 10 2022 7:00:43 AM PDT,Up,6,76.62,71.95,-
May 10 2022 6:59:45 AM PDT,Up,7,76.5,71.95,-
May 10 2022 6:58:43 AM PDT,Up,6.5,76.44,71.95,-
May 10 2022 6:57:43 AM PDT,Up,6.13,76.39,71.95,-
May 10 2022 6:56:43 AM PDT,Up,6.25,76.38,71.95,-
May 10 2022 6:55:43 AM PDT,Up,6.38,76.39,71.95,-
May 10 2022 6:54:43 AM PDT,Up,5.63,76.23,71.95,-
May 10 2022 6:53:43 AM PDT,Up,5,76.2,71.95,-
May 10 2022 6:52:43 AM PDT,Up,6.38,76.13,71.95,-
May 10 2022 6:51:43 AM PDT,Up,6.25,76.11,71.95,-
May 10 2022 6:50:43 AM PDT,Up,6,76.03,71.95,-
May 10 2022 6:49:43 AM PDT,Up,6.75,76.03,71.95,-
May 10 2022 6:48:43 AM PDT,Up,6.5,75.95,71.95,-
May 10 2022 6:47:43 AM PDT,Up,6.38,75.92,71.95,-
May 10 2022 6:46:43 AM PDT,Up,6.25,75.9,71.95,-
May 10 2022 6:45:43 AM PDT,Up,6.38,75.96,71.94,-
May 10 2022 6:44:43 AM PDT,Up,6.75,75.94,71.94,-
May 10 2022 6:43:45 AM PDT,Up,6.88,75.8,71.94,-
May 10 2022 6:42:43 AM PDT,Up,6.5,75.79,71.94,-
May 10 2022 6:41:43 AM PDT,Up,6.88,75.67,71.94,-
May 10 2022 6:40:43 AM PDT,Up,6.13,75.62,71.94,-
May 10 2022 6:39:43 AM PDT,Up,6.88,76.17,71.94,-
May 10 2022 6:38:43 AM PDT,Up,6.38,75.8,71.93,-
May 10 2022 6:37:43 AM PDT,Up,6.38,75.56,71.93,-
May 10 2022 6:36:43 AM PDT,Up,6.13,75.36,71.93,-
May 10 2022 6:35:43 AM PDT,Up,6.5,75.09,71.93,-
May 10 2022 6:34:43 AM PDT,Up,6.88,77.93,71.93,-
May 10 2022 6:33:43 AM PDT,Up,6.5,77.79,71.94,-
May 10 2022 6:32:43 AM PDT,Up,6.25,77.6,71.94,-
May 10 2022 6:31:43 AM PDT,Up,6.13,77.49,71.93,-
May 10 2022 6:30:43 AM PDT,Up,6.13,77.4,71.93,-
May 10 2022 6:29:43 AM PDT,Up,7,77.34,71.93,-
May 10 2022 6:28:43 AM PDT,Up,6.63,77.26,71.93,-
May 10 2022 6:27:43 AM PDT,Up,6.25,78.29,71.93,-
May 10 2022 6:26:45 AM PDT,Up,6,78.15,71.93,-
May 10 2022 6:25:43 AM PDT,Up,6.25,78.15,71.93,-
May 10 2022 6:24:43 AM PDT,Up,6.75,78.16,71.92,-
May 10 2022 6:23:43 AM PDT,Up,6.88,78.12,71.92,-
May 10 2022 6:22:43 AM PDT,Up,6.5,77.99,71.92,-
May 10 2022 6:21:43 AM PDT,Up,6.25,77.91,71.92,-
May 10 2022 6:20:43 AM PDT,Up,6,77.86,71.92,-
May 10 2022 6:19:43 AM PDT,Up,6.63,77.8,71.92,-
May 10 2022 6:18:43 AM PDT,Up,6.5,77.53,71.92,-
May 10 2022 6:17:43 AM PDT,Up,6.13,77.26,71.91,-
May 10 2022 6:16:43 AM PDT,Up,6.25,77.02,71.91,-
May 10 2022 6:15:43 AM PDT,Up,6.13,76.78,71.91,-
May 10 2022 6:14:43 AM PDT,Up,6.63,76.59,71.91,-
May 10 2022 6:13:43 AM PDT,Up,9,76.44,71.92,-
May 10 2022 6:12:43 AM PDT,Up,11.25,75.8,71.92,-
May 10 2022 6:11:43 AM PDT,Up,8.75,74.38,72,-
May 10 2022 6:10:43 AM PDT,Up,6.13,74.17,71.89,-
May 10 2022 6:09:43 AM PDT,Up,6.88,74.14,71.89,-
May 10 2022 6:08:43 AM PDT,Up,6.63,74.27,71.89,-
May 10 2022 6:07:43 AM PDT,Up,6.75,74.16,71.89,-
May 10 2022 6:06:43 AM PDT,Up,6.25,74.14,71.89,-
May 10 2022 6:05:43 AM PDT,Up,5.38,74.09,71.89,-
May 10 2022 6:04:43 AM PDT,Up,5.63,74.06,71.89,-
May 10 2022 6:03:43 AM PDT,Up,7.5,73.96,71.89,-
May 10 2022 6:02:43 AM PDT,Up,7.63,72.98,71.88,-
May 10 2022 6:01:43 AM PDT,Up,6.25,72.26,71.88,-
May 10 2022 6:00:43 AM PDT,Up,6,72.1,71.88,-
May 10 2022 5:59:43 AM PDT,Up,6.63,72.12,71.89,-
May 10 2022 5:58:43 AM PDT,Up,6.5,72.07,71.89,-
May 10 2022 5:57:43 AM PDT,Up,6.25,71.59,71.88,-
May 10 2022 5:56:43 AM PDT,Up,6,71.62,71.88,-
May 10 2022 5:55:43 AM PDT,Up,6.5,71.62,71.88,-
May 10 2022 5:54:45 AM PDT,Up,7,71.55,71.88,-
May 10 2022 5:53:43 AM PDT,Up,6.5,71.46,71.89,-
May 10 2022 5:52:43 AM PDT,Up,6.25,71.45,71.89,-
May 10 2022 5:51:43 AM PDT,Up,6.13,71.42,71.89,-
May 10 2022 5:50:43 AM PDT,Up,6.13,71.27,71.88,-
May 10 2022 5:49:43 AM PDT,Up,6.88,71.26,71.88,-
May 10 2022 5:48:43 AM PDT,Up,6.63,71.19,71.88,-
May 10 2022 5:47:43 AM PDT,Up,6.13,71.15,71.88,-
May 10 2022 5:46:43 AM PDT,Up,6,71.09,71.88,-
May 10 2022 5:45:43 AM PDT,Up,6.25,71.04,71.88,-
May 10 2022 5:44:43 AM PDT,Up,6.88,71.01,71.88,-
May 10 2022 5:43:43 AM PDT,Up,6.38,70.93,71.87,-
May 10 2022 5:42:43 AM PDT,Up,6.38,70.89,71.87,-
May 10 2022 5:41:43 AM PDT,Up,7.25,70.91,71.87,-
May 10 2022 5:40:43 AM PDT,Up,6.25,70.82,71.87,-
May 10 2022 5:39:43 AM PDT,Up,6.88,70.85,71.87,-
May 10 2022 5:38:45 AM PDT,Up,6.63,70.71,71.87,-
May 10 2022 5:37:43 AM PDT,Up,6.25,70.7,71.87,-
May 10 2022 5:36:43 AM PDT,Up,6,70.61,71.86,-
May 10 2022 5:35:43 AM PDT,Up,6.25,70.65,71.86,-
May 10 2022 5:34:43 AM PDT,Up,7.13,70.6,71.86,-
May 10 2022 5:33:43 AM PDT,Up,6.5,70.43,71.87,-
May 10 2022 5:32:43 AM PDT,Up,6.25,70.35,71.87,-
May 10 2022 5:31:43 AM PDT,Up,5.88,70.34,71.87,-
May 10 2022 5:30:43 AM PDT,Up,6.25,70.36,71.87,-
May 10 2022 5:29:43 AM PDT,Up,6.63,70.27,71.87,-
May 10 2022 5:28:43 AM PDT,Up,6.5,70.23,71.86,-
May 10 2022 5:27:43 AM PDT,Up,6.25,70.2,71.86,-
May 10 2022 5:26:43 AM PDT,Up,5.88,70.12,71.86,-
May 10 2022 5:25:43 AM PDT,Up,6.25,70.17,71.86,-
May 10 2022 5:24:43 AM PDT,Up,6.63,70.18,71.86,-
May 10 2022 5:23:43 AM PDT,Up,6.63,70.13,71.86,-
May 10 2022 5:22:45 AM PDT,Up,6.38,69.99,71.86,-
May 10 2022 5:21:43 AM PDT,Up,6,69.97,71.86,-
May 10 2022 5:20:43 AM PDT,Up,6.13,69.88,71.85,-
May 10 2022 5:19:43 AM PDT,Up,7,69.84,71.85,-
May 10 2022 5:18:43 AM PDT,Up,7,69.62,71.85,-
May 10 2022 5:17:43 AM PDT,Up,6.13,69.42,71.85,-
May 10 2022 5:16:43 AM PDT,Up,4,69.37,71.85,-
May 10 2022 5:15:43 AM PDT,Up,5.38,69.31,71.85,-
May 10 2022 5:14:43 AM PDT,Up,6.75,69.29,71.85,-
May 10 2022 5:13:43 AM PDT,Up,6.5,69.24,71.85,-
May 10 2022 5:12:43 AM PDT,Up,6.13,69.16,71.85,-
May 10 2022 5:11:43 AM PDT,Up,6.88,69.16,71.85,-
May 10 2022 5:10:43 AM PDT,Up,6.25,69.14,71.85,-
May 10 2022 5:09:43 AM PDT,Up,6.88,69.05,71.85,-
May 10 2022 5:08:43 AM PDT,Up,6.63,69.08,71.85,-
May 10 2022 5:07:43 AM PDT,Up,6.25,69,71.85,-
May 10 2022 5:06:45 AM PDT,Up,7,68.85,71.85,-
May 10 2022 5:05:43 AM PDT,Up,7.88,68.86,71.84,-
May 10 2022 5:04:43 AM PDT,Up,11.75,68.92,71.84,-
May 10 2022 5:03:43 AM PDT,Up,18,70.08,71.84,-
May 10 2022 5:02:43 AM PDT,Up,7.13,68.74,71.84,-
May 10 2022 5:01:43 AM PDT,Up,8.25,68.63,71.84,-
May 10 2022 5:00:43 AM PDT,Up,9.25,68.55,71.84,-
May 10 2022 4:59:43 AM PDT,Up,6.88,68.63,71.84,-
May 10 2022 4:58:43 AM PDT,Up,6.5,68.6,71.83,-
May 10 2022 4:57:43 AM PDT,Up,6.13,68.52,71.83,-
May 10 2022 4:56:43 AM PDT,Up,5.88,68.52,71.83,-
May 10 2022 4:55:43 AM PDT,Up,6.38,68.47,71.83,-
May 10 2022 4:54:43 AM PDT,Up,7,68.44,71.83,-
May 10 2022 4:53:43 AM PDT,Up,6.5,68.4,71.83,-
May 10 2022 4:52:43 AM PDT,Up,6.25,68.37,71.83,-
May 10 2022 4:51:43 AM PDT,Up,6.25,68.4,71.83,-
May 10 2022 4:50:43 AM PDT,Up,6.63,68.38,71.83,-
May 10 2022 4:49:44 AM PDT,Up,6.88,68.34,71.83,-
May 10 2022 4:48:43 AM PDT,Up,6.38,68.29,71.83,-
May 10 2022 4:47:43 AM PDT,Up,6.25,68.31,71.83,-
May 10 2022 4:46:43 AM PDT,Up,6.38,68.31,71.83,-
May 10 2022 4:45:43 AM PDT,Up,6.25,68.21,71.83,-
May 10 2022 4:44:43 AM PDT,Up,7,68.38,71.83,-
May 10 2022 4:43:43 AM PDT,Up,7.13,68.35,71.82,-
May 10 2022 4:42:43 AM PDT,Up,7.5,76.34,71.82,-
May 10 2022 4:41:43 AM PDT,Up,7,76.22,71.82,-
May 10 2022 4:40:43 AM PDT,Up,6.38,76.29,71.82,-
May 10 2022 4:39:43 AM PDT,Up,6.88,76.16,71.82,-
May 10 2022 4:38:43 AM PDT,Up,6.25,76.09,71.82,-
May 10 2022 4:37:43 AM PDT,Up,6.38,76.01,71.82,-
May 10 2022 4:36:43 AM PDT,Up,6,75.97,71.81,-
May 10 2022 4:35:43 AM PDT,Up,6.38,76.01,71.81,-
May 10 2022 4:34:43 AM PDT,Up,7.13,75.94,71.81,-
May 10 2022 4:33:43 AM PDT,Up,6.38,75.91,71.82,-
May 10 2022 4:32:43 AM PDT,Up,6.25,75.87,71.82,-
May 10 2022 4:31:43 AM PDT,Up,7.38,75.9,71.82,-
May 10 2022 4:30:43 AM PDT,Up,9.88,75.86,71.81,-
May 10 2022 4:29:43 AM PDT,Up,7,75.7,71.81,-
May 10 2022 4:28:43 AM PDT,Up,6.63,75.64,71.81,-
May 10 2022 4:27:43 AM PDT,Up,4.13,75.56,71.81,-
May 10 2022 4:26:43 AM PDT,Up,6.25,75.61,71.81,-
May 10 2022 4:25:43 AM PDT,Up,6.5,75.52,71.81,-
May 10 2022 4:24:43 AM PDT,Up,7.13,75.56,71.81,-
May 10 2022 4:23:43 AM PDT,Up,6.5,75.64,71.81,-
May 10 2022 4:22:43 AM PDT,Up,7.38,75.65,71.8,-
May 10 2022 4:21:43 AM PDT,Up,8.63,75.61,71.8,-
May 10 2022 4:20:43 AM PDT,Up,8.13,75.47,71.79,-
May 10 2022 4:19:43 AM PDT,Up,9.13,75.43,71.79,-
May 10 2022 4:18:43 AM PDT,Up,9.13,75.42,71.79,-
May 10 2022 4:17:43 AM PDT,Up,9.38,75.41,71.79,-
May 10 2022 4:16:43 AM PDT,Up,9.5,75.42,71.79,-
May 10 2022 4:15:43 AM PDT,Up,9.75,75.3,71.79,-
May 10 2022 4:14:43 AM PDT,Up,10.75,75.2,71.79,-
May 10 2022 4:13:43 AM PDT,Up,10,75.16,71.78,-
May 10 2022 4:12:43 AM PDT,Up,9.88,75.12,71.79,-
May 10 2022 4:11:43 AM PDT,Up,11.13,75.08,71.79,-
May 10 2022 4:10:43 AM PDT,Up,13.63,75.23,71.79,-
May 10 2022 4:09:43 AM PDT,Up,22.25,75.33,71.79,-
May 10 2022 4:08:43 AM PDT,Up,34,75.47,71.79,-
May 10 2022 4:07:43 AM PDT,Up,44.13,75.62,71.78,-
May 10 2022 4:06:43 AM PDT,Up,48.25,75.74,71.78,-
May 10 2022 4:05:43 AM PDT,Up,47.75,75.92,71.78,-
May 10 2022 4:04:43 AM PDT,Up,47,75.72,71.78,-
May 10 2022 4:03:43 AM PDT,Up,39.63,75.72,71.78,-
May 10 2022 4:02:43 AM PDT,Up,23.75,74.96,71.78,-
May 10 2022 4:01:45 AM PDT,Up,9.13,74.66,71.78,-
May 10 2022 4:00:43 AM PDT,Up,6.38,74.65,71.78,-
May 10 2022 3:59:43 AM PDT,Up,6.5,74.64,71.77,-
May 10 2022 3:58:43 AM PDT,Up,6,74.59,71.77,-
May 10 2022 3:57:43 AM PDT,Up,6.5,74.48,71.77,-
May 10 2022 3:56:43 AM PDT,Up,7.75,74.43,71.77,-
May 10 2022 3:55:43 AM PDT,Up,6.63,74.42,71.77,-
May 10 2022 3:54:43 AM PDT,Up,6.63,74.37,71.77,-
May 10 2022 3:53:43 AM PDT,Up,6.13,74.31,71.78,-
May 10 2022 3:52:43 AM PDT,Up,6.63,74.26,71.77,-
May 10 2022 3:51:43 AM PDT,Up,8.5,74.2,71.77,-
May 10 2022 3:50:43 AM PDT,Up,6.13,74.18,71.77,-
May 10 2022 3:49:43 AM PDT,Up,6.38,74.13,71.77,-
May 10 2022 3:48:43 AM PDT,Up,5.88,74.08,71.77,-
May 10 2022 3:47:43 AM PDT,Up,6.25,74.09,71.77,-
May 10 2022 3:46:43 AM PDT,Up,8,74.05,71.77,-
May 10 2022 3:45:44 AM PDT,Up,6.5,73.97,71.76,-
May 10 2022 3:44:43 AM PDT,Up,6.38,73.95,71.76,-
May 10 2022 3:43:43 AM PDT,Up,5.75,73.92,71.76,-
May 10 2022 3:42:43 AM PDT,Up,6.63,73.93,71.76,-
May 10 2022 3:41:43 AM PDT,Up,8.25,73.77,71.76,-
May 10 2022 3:40:43 AM PDT,Up,6.13,73.74,71.76,-
May 10 2022 3:39:43 AM PDT,Up,4.25,73.64,71.76,-
May 10 2022 3:38:43 AM PDT,Up,5.25,73.57,71.76,-
May 10 2022 3:37:43 AM PDT,Up,6.5,73.53,71.75,-
May 10 2022 3:36:43 AM PDT,Up,7.75,73.44,71.75,-
May 10 2022 3:35:43 AM PDT,Up,6.38,73.42,71.75,-
May 10 2022 3:34:43 AM PDT,Up,6.38,73.38,71.75,-
May 10 2022 3:33:43 AM PDT,Up,5.75,73.36,71.75,-
May 10 2022 3:32:43 AM PDT,Up,6.25,73.31,71.76,-
May 10 2022 3:31:43 AM PDT,Up,7.38,73.33,71.76,-
May 10 2022 3:30:43 AM PDT,Up,6.13,73.25,71.75,-
May 10 2022 3:29:44 AM PDT,Up,6.5,73.23,71.75,-
May 10 2022 3:28:43 AM PDT,Up,5.88,73.17,71.75,-
May 10 2022 3:27:43 AM PDT,Up,6.25,73.2,71.75,-
May 10 2022 3:26:43 AM PDT,Up,7.88,73.17,71.75,-
May 10 2022 3:25:43 AM PDT,Up,6.25,73.03,71.75,-
May 10 2022 3:24:43 AM PDT,Up,6.38,73,71.75,-
May 10 2022 3:23:43 AM PDT,Up,5.75,72.94,71.74,-
May 10 2022 3:22:43 AM PDT,Up,6.25,72.88,71.74,-
May 10 2022 3:21:43 AM PDT,Up,7.5,72.87,71.74,-
May 10 2022 3:20:43 AM PDT,Up,6.13,72.84,71.74,-
May 10 2022 3:19:43 AM PDT,Up,6.5,72.81,71.74,-
May 10 2022 3:18:43 AM PDT,Up,5.75,72.71,71.74,-
May 10 2022 3:17:43 AM PDT,Up,6.25,72.69,71.74,-
May 10 2022 3:16:43 AM PDT,Up,7.75,73.11,71.74,-
May 10 2022 3:15:43 AM PDT,Up,6.38,73.08,71.74,-
May 10 2022 3:14:43 AM PDT,Up,6.38,73.08,71.73,-
May 10 2022 3:13:44 AM PDT,Up,5.88,72.97,71.73,-
May 10 2022 3:12:43 AM PDT,Up,6.38,72.91,71.74,-
May 10 2022 3:11:43 AM PDT,Up,8.75,72.93,71.74,-
May 10 2022 3:10:43 AM PDT,Up,6.25,72.85,71.74,-
May 10 2022 3:09:43 AM PDT,Up,6.75,72.75,71.74,-
May 10 2022 3:08:43 AM PDT,Up,6.25,72.73,71.73,-
May 10 2022 3:07:43 AM PDT,Up,6.63,74.52,71.73,-
May 10 2022 3:06:43 AM PDT,Up,7.88,74.35,71.73,-
May 10 2022 3:05:43 AM PDT,Up,6.75,74.06,71.73,-
May 10 2022 3:04:43 AM PDT,Up,6.75,73.84,71.73,-
May 10 2022 3:03:43 AM PDT,Up,6.63,73.67,71.73,-
May 10 2022 3:02:44 AM PDT,Up,7.75,73.51,71.73,-
May 10 2022 3:01:43 AM PDT,Up,10.13,72.99,71.72,-
May 10 2022 3:00:43 AM PDT,Up,6.25,72.1,71.72,-
May 10 2022 2:59:43 AM PDT,Up,7,72.06,71.72,-
May 10 2022 2:58:43 AM PDT,Up,5.88,72.02,71.72,-
May 10 2022 2:57:43 AM PDT,Up,6.5,71.97,71.71,-
May 10 2022 2:56:45 AM PDT,Up,8,71.89,71.71,-
May 10 2022 2:55:43 AM PDT,Up,6.5,71.91,71.71,-
May 10 2022 2:54:43 AM PDT,Up,6.63,72.04,71.71,-
May 10 2022 2:53:43 AM PDT,Up,5.75,71.89,71.71,-
May 10 2022 2:52:43 AM PDT,Up,6.13,71.84,71.71,-
May 10 2022 2:51:43 AM PDT,Up,7.38,71.79,71.71,-
May 10 2022 2:50:43 AM PDT,Up,3.63,71.74,71.71,-
May 10 2022 2:49:43 AM PDT,Up,6.63,71.75,71.71,-
May 10 2022 2:48:43 AM PDT,Up,5.75,71.71,71.71,-
May 10 2022 2:47:43 AM PDT,Up,6.38,71.83,71.71,-
May 10 2022 2:46:43 AM PDT,Up,8,71.86,71.71,-
May 10 2022 2:45:43 AM PDT,Up,6.5,71.75,71.71,-
May 10 2022 2:44:43 AM PDT,Up,6.75,71.77,71.7,-
May 10 2022 2:43:43 AM PDT,Up,6,71.68,71.7,-
May 10 2022 2:42:43 AM PDT,Up,6.75,71.72,71.7,-
May 10 2022 2:41:43 AM PDT,Up,9.5,71.63,71.7,-
May 10 2022 2:40:44 AM PDT,Up,6.25,71.54,71.69,-
May 10 2022 2:39:43 AM PDT,Up,7,71.55,71.7,-
May 10 2022 2:38:43 AM PDT,Up,6.38,71.49,71.69,-
May 10 2022 2:37:43 AM PDT,Up,7.38,71.36,71.69,-
May 10 2022 2:36:43 AM PDT,Up,8.63,71.18,71.69,-
May 10 2022 2:35:43 AM PDT,Up,6.75,71.46,71.69,-
May 10 2022 2:34:43 AM PDT,Up,6.63,71.33,71.69,-
May 10 2022 2:33:43 AM PDT,Up,6.13,71.15,71.69,-
May 10 2022 2:32:43 AM PDT,Up,6.38,71.02,71.69,-
May 10 2022 2:31:43 AM PDT,Up,8.25,70.98,71.69,-
May 10 2022 2:30:43 AM PDT,Up,7.13,71.01,71.69,-
May 10 2022 2:29:43 AM PDT,Up,8,71.11,71.69,-
May 10 2022 2:28:43 AM PDT,Up,8.5,70.71,71.71,-
May 10 2022 2:27:43 AM PDT,Up,10,71.49,71.71,-
May 10 2022 2:26:43 AM PDT,Up,11.75,70.9,71.71,-
May 10 2022 2:25:43 AM PDT,Up,11.25,70.9,71.7,-
May 10 2022 2:24:43 AM PDT,Up,13.25,70.84,71.7,-
May 10 2022 2:23:43 AM PDT,Up,13.75,70.88,71.7,-
May 10 2022 2:22:43 AM PDT,Up,14.5,70.79,71.7,-
May 10 2022 2:21:43 AM PDT,Up,14.5,70.79,71.7,-
May 10 2022 2:20:43 AM PDT,Up,11.38,70.62,71.7,-
May 10 2022 2:19:43 AM PDT,Up,11.38,70.62,71.7,-
May 10 2022 2:18:43 AM PDT,Up,10.13,70.43,71.69,-
May 10 2022 2:17:43 AM PDT,Up,10.63,70.44,71.69,-
May 10 2022 2:16:43 AM PDT,Up,11.38,70.47,71.69,-
May 10 2022 2:15:43 AM PDT,Up,10.5,70.26,71.69,-
May 10 2022 2:14:43 AM PDT,Up,10.75,70.21,71.69,-
May 10 2022 2:13:43 AM PDT,Up,11.25,70.08,71.69,-
May 10 2022 2:12:43 AM PDT,Up,17.88,70.58,71.7,-
May 10 2022 2:11:43 AM PDT,Up,36.13,70.84,71.69,-
May 10 2022 2:10:44 AM PDT,Up,64.13,73.35,71.69,-
May 10 2022 2:09:45 AM PDT,Up,89.38,73.1,71.69,-
May 10 2022 2:09:00 AM PDT,Up,96.5,74.38,71.69,-
May 10 2022 2:07:58 AM PDT,Up,97.38,73.64,71.69,-
May 10 2022 2:06:58 AM PDT,Up,77.25,74.84,71.69,-
May 10 2022 2:05:43 AM PDT,Up,20.38,75.1,71.69,-
May 10 2022 2:04:43 AM PDT,Up,13.88,76.99,71.69,-
May 10 2022 2:03:44 AM PDT,Up,15.25,73.97,71.68,-
May 10 2022 2:02:45 AM PDT,Up,13.13,83.13,71.68,-
May 10 2022 2:01:43 AM PDT,Up,35.63,64.23,71.68,-
May 10 2022 2:00:43 AM PDT,Up,29,35.27,71.68,-
May 10 2022 1:59:44 AM PDT,Up,15.25,71.85,71.68,-
May 10 2022 1:58:43 AM PDT,Up,8.25,71.82,71.68,-
May 10 2022 1:57:43 AM PDT,Up,8.13,71.75,71.67,-
May 10 2022 1:56:43 AM PDT,Up,9,71.7,71.68,-
May 10 2022 1:55:43 AM PDT,Up,9.5,71.65,71.67,-
May 10 2022 1:54:43 AM PDT,Up,8.75,71.46,71.67,-
May 10 2022 1:53:43 AM PDT,Up,5.75,71.76,71.67,-
May 10 2022 1:52:45 AM PDT,Up,6.38,71.67,71.67,-
May 10 2022 1:51:43 AM PDT,Up,7.38,71.59,71.68,-
May 10 2022 1:50:43 AM PDT,Up,6.25,71.58,71.68,-
May 10 2022 1:49:43 AM PDT,Up,3.88,71.57,71.68,-
May 10 2022 1:48:43 AM PDT,Up,5.63,71.4,71.68,-
May 10 2022 1:47:43 AM PDT,Up,6.25,71.36,71.67,-
May 10 2022 1:46:43 AM PDT,Up,7.75,71.28,71.67,-
May 10 2022 1:45:43 AM PDT,Up,6.25,71.27,71.67,-
May 10 2022 1:44:43 AM PDT,Up,6.5,71.23,71.67,-
May 10 2022 1:43:44 AM PDT,Up,5.88,71.25,71.67,-
May 10 2022 1:42:43 AM PDT,Up,6.5,71.28,71.67,-
May 10 2022 1:41:43 AM PDT,Up,8.38,71.23,71.67,-
May 10 2022 1:40:43 AM PDT,Up,6.13,71.18,71.66,-
May 10 2022 1:39:43 AM PDT,Up,6.5,71.15,71.66,-
May 10 2022 1:38:44 AM PDT,Up,5.88,71.16,71.66,-
May 10 2022 1:37:43 AM PDT,Up,6.38,71.04,71.66,-
May 10 2022 1:36:45 AM PDT,Up,7.75,70.98,71.66,-
May 10 2022 1:35:43 AM PDT,Up,6.25,70.94,71.66,-
May 10 2022 1:34:43 AM PDT,Up,6.5,70.9,71.66,-
May 10 2022 1:33:43 AM PDT,Up,6,70.91,71.65,-
May 10 2022 1:32:43 AM PDT,Up,6.25,70.78,71.65,-
May 10 2022 1:31:43 AM PDT,Up,7.5,70.75,71.65,-
May 10 2022 1:30:43 AM PDT,Up,6.25,70.71,71.66,-
May 10 2022 1:29:43 AM PDT,Up,6.63,70.67,71.66,-
May 10 2022 1:28:43 AM PDT,Up,6,70.62,71.66,-
May 10 2022 1:27:43 AM PDT,Up,6.13,70.55,71.66,-
May 10 2022 1:26:43 AM PDT,Up,7.88,70.55,71.65,-
May 10 2022 1:25:43 AM PDT,Up,6.63,70.5,71.65,-
May 10 2022 1:24:43 AM PDT,Up,6.63,70.47,71.65,-
May 10 2022 1:23:44 AM PDT,Up,6,70.42,71.65,-
May 10 2022 1:22:43 AM PDT,Up,6.25,70.35,71.65,-
May 10 2022 1:21:43 AM PDT,Up,7.5,70.41,71.65,-
May 10 2022 1:20:43 AM PDT,Up,6.5,70.33,71.65,-
May 10 2022 1:19:45 AM PDT,Up,6.63,70.3,71.64,-
May 10 2022 1:18:43 AM PDT,Up,6.13,70.26,71.64,-
May 10 2022 1:17:43 AM PDT,Up,6.75,70.22,71.64,-
May 10 2022 1:16:43 AM PDT,Up,8.5,70.12,71.64,-
May 10 2022 1:15:43 AM PDT,Up,6.63,70.06,71.64,-
May 10 2022 1:14:43 AM PDT,Up,7.13,70.04,71.64,-
May 10 2022 1:13:43 AM PDT,Up,6.13,69.98,71.64,-
May 10 2022 1:12:43 AM PDT,Up,6.75,70,71.64,-
May 10 2022 1:11:43 AM PDT,Up,9.38,69.96,71.64,-
May 10 2022 1:10:43 AM PDT,Up,6.38,69.9,71.64,-
May 10 2022 1:09:43 AM PDT,Up,6.63,69.86,71.64,-
May 10 2022 1:08:43 AM PDT,Up,5.75,69.81,71.64,-
May 10 2022 1:07:43 AM PDT,Up,6.63,69.77,71.64,-
May 10 2022 1:06:43 AM PDT,Up,7.88,69.71,71.64,-
May 10 2022 1:05:43 AM PDT,Up,6.63,69.77,71.64,-
May 10 2022 1:04:43 AM PDT,Up,7.13,69.73,71.64,-
May 10 2022 1:03:44 AM PDT,Up,6,69.66,71.64,-
May 10 2022 1:02:44 AM PDT,Up,6.75,69.67,71.63,-
May 10 2022 1:01:43 AM PDT,Up,7.75,69.66,71.63,-
May 10 2022 1:00:43 AM PDT,Up,6.25,69.54,71.63,-
May 10 2022 12:59:43 AM PDT,Up,3.75,69.51,71.63,-
May 10 2022 12:58:43 AM PDT,Up,5.88,69.47,71.63,-
May 10 2022 12:57:43 AM PDT,Up,6.5,69.45,71.63,-
May 10 2022 12:56:43 AM PDT,Up,7.75,69.29,71.63,-
May 10 2022 12:55:43 AM PDT,Up,6.63,69.23,71.63,-
May 10 2022 12:54:43 AM PDT,Up,6.63,69.29,71.62,-
May 10 2022 12:53:43 AM PDT,Up,5.75,69.2,71.62,-
May 10 2022 12:52:43 AM PDT,Up,6.5,69.16,71.62,-
May 10 2022 12:51:43 AM PDT,Up,7.63,69.13,71.62,-
May 10 2022 12:50:43 AM PDT,Up,6.13,69.09,71.62,-
May 10 2022 12:49:43 AM PDT,Up,6.63,69.15,71.63,-
May 10 2022 12:48:43 AM PDT,Up,6.25,69.04,71.63,-
May 10 2022 12:47:43 AM PDT,Up,6.5,69.05,71.62,-
May 10 2022 12:46:43 AM PDT,Up,7.88,69.03,71.62,-
May 10 2022 12:45:43 AM PDT,Up,6.38,68.99,71.62,-
May 10 2022 12:44:43 AM PDT,Up,6.75,69.01,71.62,-
May 10 2022 12:43:43 AM PDT,Up,5.88,68.95,71.62,-
May 10 2022 12:42:43 AM PDT,Up,6.5,68.91,71.62,-
May 10 2022 12:41:43 AM PDT,Up,8.5,68.83,71.62,-
May 10 2022 12:40:43 AM PDT,Up,6.13,68.88,71.61,-
May 10 2022 12:39:43 AM PDT,Up,6.5,68.86,71.61,-
May 10 2022 12:38:43 AM PDT,Up,5.75,68.83,71.61,-
May 10 2022 12:37:43 AM PDT,Up,6.38,68.83,71.61,-
May 10 2022 12:36:43 AM PDT,Up,7.75,68.78,71.61,-
May 10 2022 12:35:43 AM PDT,Up,6.5,68.76,71.61,-
May 10 2022 12:34:43 AM PDT,Up,6.38,68.71,71.61,-
May 10 2022 12:33:43 AM PDT,Up,5.88,68.82,71.6,-
May 10 2022 12:32:43 AM PDT,Up,6.63,68.85,71.6,-
May 10 2022 12:31:45 AM PDT,Up,9,68.82,71.6,-
May 10 2022 12:30:43 AM PDT,Trouble,6,83.62,71.6,Memory Utilization exceeds 80 %
May 10 2022 12:29:43 AM PDT,Trouble,6.5,83.62,71.6,Memory Utilization exceeds 80 %
May 10 2022 12:28:44 AM PDT,Trouble,6.25,83.57,71.61,Memory Utilization exceeds 80 %
May 10 2022 12:27:43 AM PDT,Trouble,6.5,83.39,71.61,Memory Utilization exceeds 80 %
May 10 2022 12:26:43 AM PDT,Trouble,7.75,83.38,71.61,Memory Utilization exceeds 80 %
May 10 2022 12:25:43 AM PDT,Trouble,6.5,83.31,71.61,Memory Utilization exceeds 80 %
May 10 2022 12:24:43 AM PDT,Trouble,6.38,83.25,71.6,Memory Utilization exceeds 80 %
May 10 2022 12:23:44 AM PDT,Trouble,5.88,83.13,71.6,Memory Utilization exceeds 80 %
May 10 2022 12:22:43 AM PDT,Trouble,6.38,83.03,71.6,Memory Utilization exceeds 80 %
May 10 2022 12:21:43 AM PDT,Trouble,7.75,82.93,71.6,Memory Utilization exceeds 80 %
May 10 2022 12:20:43 AM PDT,Trouble,8,82.44,71.6,Memory Utilization exceeds 80 %
May 10 2022 12:19:43 AM PDT,Trouble,6.88,82.94,71.98,Memory Utilization exceeds 80 %
May 10 2022 12:18:44 AM PDT,Trouble,6,82.82,71.98,Memory Utilization exceeds 80 %
May 10 2022 12:17:43 AM PDT,Trouble,6.75,82.69,71.98,Memory Utilization exceeds 80 %
May 10 2022 12:16:43 AM PDT,Trouble,9.88,82.29,71.98,Memory Utilization exceeds 80 %
May 10 2022 12:15:46 AM PDT,Trouble,17.25,87.79,72.95,Memory Utilization exceeds 80 %
May 10 2022 12:14:43 AM PDT,Trouble,6.75,83.01,72.94,Memory Utilization exceeds 80 %
May 10 2022 12:13:44 AM PDT,Trouble,5.88,82.88,72.94,Memory Utilization exceeds 80 %
May 10 2022 12:12:43 AM PDT,Trouble,8.38,82.9,72.94,Memory Utilization exceeds 80 %
May 10 2022 12:11:44 AM PDT,Trouble,11,83.19,73.07,Memory Utilization exceeds 80 %
May 10 2022 12:10:43 AM PDT,Trouble,4.38,82.99,72.94,Memory Utilization exceeds 80 %
May 10 2022 12:09:43 AM PDT,Trouble,5.38,82.95,72.94,Memory Utilization exceeds 80 %
May 10 2022 12:08:43 AM PDT,Trouble,6,82.97,72.95,Memory Utilization exceeds 80 %
May 10 2022 12:07:43 AM PDT,Trouble,6.75,82.86,72.95,Memory Utilization exceeds 80 %
May 10 2022 12:06:43 AM PDT,Trouble,8,82.75,72.94,Memory Utilization exceeds 80 %
May 10 2022 12:05:43 AM PDT,Trouble,6.25,82.75,72.94,Memory Utilization exceeds 80 %
May 10 2022 12:04:43 AM PDT,Trouble,6.38,82.67,72.94,Memory Utilization exceeds 80 %
May 10 2022 12:03:43 AM PDT,Trouble,5.75,82.68,72.94,Memory Utilization exceeds 80 %
May 10 2022 12:02:43 AM PDT,Trouble,8.63,82.66,72.94,Memory Utilization exceeds 80 %
May 10 2022 12:01:43 AM PDT,Trouble,7.75,82.68,73.09,Memory Utilization exceeds 80 %
May 10 2022 12:00:43 AM PDT,Trouble,6,82.65,73.09,Memory Utilization exceeds 80 %
